/*
Navicat MySQL Data Transfer

Source Server         : 127.0.0.1
Source Server Version : 50171
Source Host           : localhost:3306
Source Database       : wcp2op

Target Server Type    : MYSQL
Target Server Version : 50171
File Encoding         : 65001

Date: 2017-05-20 06:28:14
*/

SET FOREIGN_KEY_CHECKS=0;

-- ----------------------------
-- Table structure for alone_applog
-- ----------------------------
DROP TABLE IF EXISTS `alone_applog`;
CREATE TABLE `alone_applog` (
  `ID` varchar(32) NOT NULL,
  `CTIME` varchar(16) NOT NULL,
  `DESCRIBES` varchar(1024) NOT NULL,
  `APPUSER` varchar(32) NOT NULL,
  `LEVELS` varchar(32) DEFAULT NULL,
  `METHOD` varchar(128) DEFAULT NULL,
  `CLASSNAME` varchar(128) DEFAULT NULL,
  `IP` varchar(32) DEFAULT NULL,
  PRIMARY KEY (`ID`),
  KEY `FK_Reference_9` (`APPUSER`)
) ENGINE=MyISAM DEFAULT CHARSET=utf8;

-- ----------------------------
-- Records of alone_applog
-- ----------------------------

-- ----------------------------
-- Table structure for alone_auth_action
-- ----------------------------
DROP TABLE IF EXISTS `alone_auth_action`;
CREATE TABLE `alone_auth_action` (
  `ID` varchar(32) NOT NULL,
  `AUTHKEY` varchar(128) NOT NULL,
  `NAME` varchar(64) NOT NULL,
  `COMMENTS` varchar(128) DEFAULT NULL,
  `CTIME` varchar(14) NOT NULL,
  `UTIME` varchar(14) NOT NULL,
  `CUSER` varchar(32) NOT NULL,
  `MUSER` varchar(32) NOT NULL,
  `STATE` char(1) NOT NULL,
  `CHECKIS` char(1) NOT NULL,
  `LOGINIS` char(1) NOT NULL COMMENT '默认所有ACTION都要登录',
  PRIMARY KEY (`ID`)
) ENGINE=MyISAM DEFAULT CHARSET=utf8 COMMENT='InnoDB free: 12288 kB alone_action';

-- ----------------------------
-- Records of alone_auth_action
-- ----------------------------
INSERT INTO `alone_auth_action` VALUES ('40288b854a38408e014a384de88a0005', 'action/list', '权限管理_权限定义', null, '20141211154357', '20141211154357', '40288b854a329988014a329a12f30002', '40288b854a329988014a329a12f30002', '1', '1', '1');
INSERT INTO `alone_auth_action` VALUES ('40288b854a38974f014a38b3a6700017', 'actiontree/list', '权限管理_权限构造', null, '20141211173505', '20141211173505', '40288b854a329988014a329a12f30002', '40288b854a329988014a329a12f30002', '1', '1', '1');
INSERT INTO `alone_auth_action` VALUES ('40288b854a38974f014a38b93d0a0022', 'log/list', '系统配置_系统日志', '', '20141211174111', '20150831184926', '40288b854a329988014a329a12f30002', '40288b854a329988014a329a12f30002', '1', '1', '1');
INSERT INTO `alone_auth_action` VALUES ('40288b854a38974f014a38ba24f90024', 'parameter/list', '系统配置_参数定义', '', '20141211174210', '20150831185312', '40288b854a329988014a329a12f30002', '40288b854a329988014a329a12f30002', '1', '1', '1');
INSERT INTO `alone_auth_action` VALUES ('40288b854a38974f014a38bafb830026', 'parameter/editlist', '系统配置_系统参数', '', '20141211174305', '20151016154936', '40288b854a329988014a329a12f30002', '40288b854a329988014a329a12f30002', '1', '1', '1');
INSERT INTO `alone_auth_action` VALUES ('40288b854a38974f014a38bb431b0028', 'parameter/userelist', '系统配置_个性化参数', '', '20141211174324', '20151016154959', '40288b854a329988014a329a12f30002', '40288b854a329988014a329a12f30002', '1', '1', '1');
INSERT INTO `alone_auth_action` VALUES ('40288b854a38974f014a38bd26a0002a', 'dictionary/list', '系统配置_数据字典', '', '20141211174527', '20150831185552', '40288b854a329988014a329a12f30002', '40288b854a329988014a329a12f30002', '1', '1', '1');
INSERT INTO `alone_auth_action` VALUES ('40288b854a38974f014a38beae79002d', 'user/list', '组织用户管理_用户管理', '', '20141211174708', '20150831185712', '40288b854a329988014a329a12f30002', '40288b854a329988014a329a12f30002', '1', '1', '1');
INSERT INTO `alone_auth_action` VALUES ('40288b854a38974f014a38bf10fc002f', 'organization/list', '组织用户管理_组织机构管理', '', '20141211174733', '20150831185753', '40288b854a329988014a329a12f30002', '40288b854a329988014a329a12f30002', '1', '1', '1');
INSERT INTO `alone_auth_action` VALUES ('40288b854a3daac8014a3dfe03990005', 'FarmPortalComponentConsole', '门户管理_组件库', null, '20141212181424', '20141212181424', '40288b854a329988014a329a12f30002', '40288b854a329988014a329a12f30002', '1', '1', '1');
INSERT INTO `alone_auth_action` VALUES ('40288b854a3daac8014a3dfefcce0007', 'FarmPortalPortaltreeConsole', '门户管理_门户配置', null, '20141212181528', '20141212181528', '40288b854a329988014a329a12f30002', '40288b854a329988014a329a12f30002', '1', '1', '1');
INSERT INTO `alone_auth_action` VALUES ('40288b854a3e037e014a3e1d76810003', 'FarmFormsFormcategoryConsole', '动态表单_表单分类', null, '20141212184845', '20141212184845', '40288b854a329988014a329a12f30002', '40288b854a329988014a329a12f30002', '1', '1', '1');
INSERT INTO `alone_auth_action` VALUES ('40288b854a3e037e014a3e1e46150005', 'FarmFormsQueryConsole', '动态表单_查询表单配置', null, '20141212184939', '20141212184939', '40288b854a329988014a329a12f30002', '40288b854a329988014a329a12f30002', '1', '1', '1');
INSERT INTO `alone_auth_action` VALUES ('40288b854a50d918014a50dbdc460002', 'HhYWConsole', '系统配置_数据库管理', null, '20141216100953', '20141216100953', '40288b854a329988014a329a12f30002', '40288b854a329988014a329a12f30002', '1', '1', '1');
INSERT INTO `alone_auth_action` VALUES ('40288b854a50d918014a50dcfa580005', 'FarmQzTrigger_ACTION_CONSOLE', '任务调度_触发器定义', null, '20141216101106', '20141216101106', '40288b854a329988014a329a12f30002', '40288b854a329988014a329a12f30002', '1', '1', '1');
INSERT INTO `alone_auth_action` VALUES ('40288b854a50d918014a50ddb7400007', 'FarmQzTask_ACTION_CONSOLE', '任务调度_任务定义', null, '20141216101155', '20141216101155', '40288b854a329988014a329a12f30002', '40288b854a329988014a329a12f30002', '1', '1', '1');
INSERT INTO `alone_auth_action` VALUES ('40288b854a50d918014a50def0aa0009', 'qzScheduler/list', '任务调度_调度实例', '', '20141216101315', '20151114134845', '40288b854a329988014a329a12f30002', '40288b854a329988014a329a12f30002', '1', '1', '1');
INSERT INTO `alone_auth_action` VALUES ('402894ca4a9a155d014a9a1790810003', 'docfile/list', '文档管理_附件管理', '', '20141230152723', '20150831185928', '40288b854a329988014a329a12f30002', '40288b854a329988014a329a12f30002', '1', '1', '1');
INSERT INTO `alone_auth_action` VALUES ('402894ca4a9a155d014a9a182dbb0005', 'FarmDocgroupUser_ACTION_CONSOLE', '文档管理_工作小组管理', null, '20141230152803', '20141230152803', '40288b854a329988014a329a12f30002', '40288b854a329988014a329a12f30002', '1', '1', '1');
INSERT INTO `alone_auth_action` VALUES ('402894ca4a9a155d014a9a1905200007', 'docgroup/list', '文档管理_工作小组管理', '', '20141230152858', '20150831190059', '40288b854a329988014a329a12f30002', '40288b854a329988014a329a12f30002', '1', '1', '1');
INSERT INTO `alone_auth_action` VALUES ('402894ca4a9a155d014a9a1a32940009', 'FarmDocmessage_ACTION_CONSOLE', '文档管理_文档留言', null, '20141230153015', '20141230153015', '40288b854a329988014a329a12f30002', '40288b854a329988014a329a12f30002', '1', '1', '1');
INSERT INTO `alone_auth_action` VALUES ('402894ca4a9a155d014a9a1a8dd3000b', 'doctype/list', '文档管理_文档分类', '', '20141230153039', '20150831190127', '40288b854a329988014a329a12f30002', '40288b854a329988014a329a12f30002', '1', '1', '1');
INSERT INTO `alone_auth_action` VALUES ('402894ca4a9a155d014a9a1afe60000d', 'doc/list', '文档管理_文档管理', '', '20141230153108', '20150901182811', '40288b854a329988014a329a12f30002', '40288b854a329988014a329a12f30002', '1', '1', '1');
INSERT INTO `alone_auth_action` VALUES ('40288b854ab4231a014ab45e15850003', 'FarmCodeProject_ACTION_CONSOLE', '代码工程_工程定义', null, '20150104175432', '20150104175432', '40288b854a329988014a329a12f30002', '40288b854a329988014a329a12f30002', '1', '1', '1');
INSERT INTO `alone_auth_action` VALUES ('40288b854ab4231a014ab45ee9fb0005', 'FarmCodeGuide_ACTION_CONSOLE', '代码工程_生成向导', null, '20150104175526', '20150104175526', '40288b854a329988014a329a12f30002', '40288b854a329988014a329a12f30002', '1', '1', '1');
INSERT INTO `alone_auth_action` VALUES ('402888a84f970dad014f971444550009', 'farmtop/list', '文档管理_置顶文档', '', '20150904143851', '20150904144025', '40288b854a329988014a329a12f30002', '40288b854a329988014a329a12f30002', '1', '1', '1');
INSERT INTO `alone_auth_action` VALUES ('402894ca4add11f6014add19da9d000a', 'FarmPlanTaskConsole', '当前任务_计划任务', null, '20150112154426', '20150112154426', '40288b854a329988014a329a12f30002', '40288b854a329988014a329a12f30002', '1', '1', '1');
INSERT INTO `alone_auth_action` VALUES ('402894ca4ae0e797014ae1ab12120031', 'docIndex/list', '文档管理_全文索引', '', '20150113130132', '20150831190209', '40288b854a329988014a329a12f30002', '40288b854a329988014a329a12f30002', '1', '1', '1');
INSERT INTO `alone_auth_action` VALUES ('402888a850472ac50150472d85070009', 'weburl/list', '文档管理_推荐服务', '', '20151008191936', '20151008191936', '40288b854a329988014a329a12f30002', '40288b854a329988014a329a12f30002', '1', '1', '1');
INSERT INTO `alone_auth_action` VALUES ('402888a8509d16e201509d191db90009', 'farmReleaseRanking/list', '文档管理_用户文档排名', '', '20151025114440', '20151025114440', '40288b854a329988014a329a12f30002', '40288b854a329988014a329a12f30002', '1', '1', '1');
INSERT INTO `alone_auth_action` VALUES ('402888a850bcceeb0150bcd7f9780009', 'usermessage/list', '用户消息', '', '20151031154122', '20151031154122', '40288b854a329988014a329a12f30002', '40288b854a329988014a329a12f30002', '1', '1', '1');
INSERT INTO `alone_auth_action` VALUES ('402880ea5bf7504c015bf8b1e35a0019', '', '权限管理', null, '20170512020739', '20170512020739', '40288b854a329988014a329a12f30002', '40288b854a329988014a329a12f30002', '1', '1', '1');
INSERT INTO `alone_auth_action` VALUES ('402880ea5bf7504c015bf8b68037001b', 'docfile/indexflielist', '门户管理_首页宣传图管理', '', '20170512021241', '20170512171019', '40288b854a329988014a329a12f30002', '40288b854a329988014a329a12f30002', '1', '1', '1');

-- ----------------------------
-- Table structure for alone_auth_actiontree
-- ----------------------------
DROP TABLE IF EXISTS `alone_auth_actiontree`;
CREATE TABLE `alone_auth_actiontree` (
  `ID` varchar(32) NOT NULL,
  `SORT` int(11) NOT NULL,
  `PARENTID` varchar(32) NOT NULL,
  `NAME` varchar(64) NOT NULL,
  `TREECODE` varchar(256) NOT NULL,
  `COMMENTS` varchar(128) DEFAULT NULL,
  `TYPE` char(1) NOT NULL COMMENT '分类、菜单、权限',
  `CTIME` varchar(14) NOT NULL,
  `UTIME` varchar(14) NOT NULL,
  `CUSER` varchar(32) NOT NULL,
  `UUSER` varchar(32) NOT NULL,
  `STATE` char(1) NOT NULL,
  `ACTIONID` varchar(32) DEFAULT NULL,
  `DOMAIN` varchar(64) NOT NULL,
  `ICON` varchar(64) DEFAULT NULL,
  `IMGID` varchar(32) DEFAULT NULL,
  `PARAMS` varchar(128) DEFAULT NULL,
  PRIMARY KEY (`ID`),
  KEY `FK_Reference_7` (`ACTIONID`)
) ENGINE=MyISAM DEFAULT CHARSET=utf8 COMMENT='InnoDB free: 12288 kB; (`action`) REFER `alone/alone_action`';

-- ----------------------------
-- Records of alone_auth_actiontree
-- ----------------------------
INSERT INTO `alone_auth_actiontree` VALUES ('40288b854a38974f014a38b93d0a0023', '10', '40288b854a38408e014a384c4f3c0002', '系统日志', '40288b854a38408e014a384c4f3c000240288b854a38974f014a38b93d0a0023', '', '2', '20141211174111', '20141211174111', '40288b854a329988014a329a12f30002', '40288b854a329988014a329a12f30002', '1', '40288b854a38974f014a38b93d0a0022', 'alone', 'icon-tip', null, '');
INSERT INTO `alone_auth_actiontree` VALUES ('40288b854a38408e014a384c4f3c0002', '5', 'NONE', '系统配置', '40288b854a38408e014a384c4f3c0002', '', '1', '20170512020739', '20170515025923', '40288b854a329988014a329a12f30002', '40288b854a329988014a329a12f30002', '1', '', 'alone', 'icon-sprocket_dark', null, '');
INSERT INTO `alone_auth_actiontree` VALUES ('40288b854a38974f014a38bafb830027', '3', '40288b854a38408e014a384c4f3c0002', '参数设置', '40288b854a38408e014a384c4f3c000240288b854a38974f014a38bafb830027', '', '2', '20141211174305', '20151016155834', '40288b854a329988014a329a12f30002', '40288b854a329988014a329a12f30002', '1', '40288b854a38974f014a38bafb830026', 'alone', 'icon-sprocket_dark', null, '');
INSERT INTO `alone_auth_actiontree` VALUES ('40288b854a38974f014a38be1805002c', '4', 'NONE', '组织用户管理', '40288b854a38974f014a38be1805002c', '', '1', '20170512015853', '20170515030039', '40288b854a329988014a329a12f30002', '40288b854a329988014a329a12f30002', '1', '', 'alone', 'icon-group_green_edit', null, '');
INSERT INTO `alone_auth_actiontree` VALUES ('40288b854a38974f014a38beae79002e', '1', '40288b854a38974f014a38be1805002c', '用户管理', '40288b854a38974f014a38be1805002c40288b854a38974f014a38beae79002e', '', '2', '20141211174708', '20141211174708', '40288b854a329988014a329a12f30002', '40288b854a329988014a329a12f30002', '1', '40288b854a38974f014a38beae79002d', 'alone', 'icon-hire-me', null, '');
INSERT INTO `alone_auth_actiontree` VALUES ('40288b854a38974f014a38bf10fc0030', '2', '40288b854a38974f014a38be1805002c', '组织机构管理', '40288b854a38974f014a38be1805002c40288b854a38974f014a38bf10fc0030', '', '2', '20141211174733', '20141211174733', '40288b854a329988014a329a12f30002', '40288b854a329988014a329a12f30002', '1', '40288b854a38974f014a38bf10fc002f', 'alone', 'icon-customers', null, '');
INSERT INTO `alone_auth_actiontree` VALUES ('402894ca4ae0e797014ae1ab12120032', '6', '402894ca4a9a155d014a9a16561d0002', '全文索引', '402894ca4a9a155d014a9a16561d0002402894ca4ae0e797014ae1ab12120032', '', '2', '20150113130132', '20150113130132', '40288b854a329988014a329a12f30002', '40288b854a329988014a329a12f30002', '1', '402894ca4ae0e797014ae1ab12120031', 'alone', 'icon-application_osx_terminal', null, '');
INSERT INTO `alone_auth_actiontree` VALUES ('402888a8509d16e201509d1a934d000a', '93', '402894ca4a9a155d014a9a16561d0002', '用户文档排名', '402894ca4a9a155d014a9a16561d0002402888a8509d16e201509d1a934d000a', '', '2', '20151025114616', '20160505155223', '40288b854a329988014a329a12f30002', '40288b854a329988014a329a12f30002', '1', '402888a8509d16e201509d191db90009', 'alone', 'icon-statistics', null, '');
INSERT INTO `alone_auth_actiontree` VALUES ('40288b854a50d918014a50dc82980004', '11', '40288b854a38408e014a384c4f3c0002', '任务调度', '40288b854a38408e014a384c4f3c000240288b854a50d918014a50dc82980004', '', '1', '20141216101036', '20141216101036', '40288b854a329988014a329a12f30002', '40288b854a329988014a329a12f30002', '1', null, 'alone', 'icon-application_osx_terminal', null, '');
INSERT INTO `alone_auth_actiontree` VALUES ('40288b854a50d918014a50def0aa000a', '3', '40288b854a50d918014a50dc82980004', '调度实例', '40288b854a38408e014a384c4f3c000240288b854a50d918014a50dc8298000440288b854a50d918014a50def0aa000a', '', '2', '20141216101315', '20141216101315', '40288b854a329988014a329a12f30002', '40288b854a329988014a329a12f30002', '1', '40288b854a50d918014a50def0aa0009', 'alone', 'icon-future-projects', null, '');
INSERT INTO `alone_auth_actiontree` VALUES ('402894ca4a9a155d014a9a16561d0002', '1', 'NONE', '文档管理', '402894ca4a9a155d014a9a16561d0002', '', '1', '20141211154212', '20170515030019', '40288b854a329988014a329a12f30002', '40288b854a329988014a329a12f30002', '1', '', 'alone', 'icon-archives', null, '');
INSERT INTO `alone_auth_actiontree` VALUES ('402894ca4a9a155d014a9a1790810004', '1', '402894ca4a9a155d014a9a16561d0002', '附件管理', '402894ca4a9a155d014a9a16561d0002402894ca4a9a155d014a9a1790810004', '', '2', '20141230152723', '20141230152723', '40288b854a329988014a329a12f30002', '40288b854a329988014a329a12f30002', '1', '402894ca4a9a155d014a9a1790810003', 'alone', 'icon-save', null, '');
INSERT INTO `alone_auth_actiontree` VALUES ('402894ca4a9a155d014a9a1905200008', '3', '402894ca4a9a155d014a9a16561d0002', '工作小组管理', '402894ca4a9a155d014a9a16561d0002402894ca4a9a155d014a9a1905200008', '', '2', '20141230152858', '20160505155238', '40288b854a329988014a329a12f30002', '40288b854a329988014a329a12f30002', '1', '402894ca4a9a155d014a9a1905200007', 'alone', 'icon-group_green_new', null, '');
INSERT INTO `alone_auth_actiontree` VALUES ('402894ca4a9a155d014a9a1a8de3000c', '5', '402894ca4a9a155d014a9a16561d0002', '文档分类', '402894ca4a9a155d014a9a16561d0002402894ca4a9a155d014a9a1a8de3000c', '', '2', '20141230153039', '20141230153039', '40288b854a329988014a329a12f30002', '40288b854a329988014a329a12f30002', '1', '402894ca4a9a155d014a9a1a8dd3000b', 'alone', 'icon-category', null, '');
INSERT INTO `alone_auth_actiontree` VALUES ('402894ca4a9a155d014a9a1afe60000e', '6', '402894ca4a9a155d014a9a16561d0002', '文档管理', '402894ca4a9a155d014a9a16561d0002402894ca4a9a155d014a9a1afe60000e', '', '2', '20141211154212', '20141230153107', '40288b854a329988014a329a12f30002', '40288b854a329988014a329a12f30002', '1', '402894ca4a9a155d014a9a1afe60000d', 'alone', 'icon-blog', null, '');
INSERT INTO `alone_auth_actiontree` VALUES ('402888a850472ac50150472e2d14000a', '92', '402880ea5bf7504c015bf8a9dee40016', '推荐服务(首页轮播)', '402880ea5bf7504c015bf8a9dee40016402888a850472ac50150472e2d14000a', '', '2', '20151008192019', '20170515025805', '40288b854a329988014a329a12f30002', '40288b854a329988014a329a12f30002', '1', '402888a850472ac50150472d85070009', 'alone', 'icon-star', null, '');
INSERT INTO `alone_auth_actiontree` VALUES ('402888a84f970dad014f971545c3000a', '9', '402894ca4a9a155d014a9a16561d0002', '置顶文档', '402894ca4a9a155d014a9a16561d0002402888a84f970dad014f971545c3000a', '', '2', '20150904143957', '20150904144052', '40288b854a329988014a329a12f30002', '40288b854a329988014a329a12f30002', '1', '402888a84f970dad014f971444550009', 'alone', 'icon-upcoming-work', null, '');
INSERT INTO `alone_auth_actiontree` VALUES ('402888a850bcceeb0150bcd86c2e000a', '94', '402894ca4a9a155d014a9a16561d0002', '用户消息', '402894ca4a9a155d014a9a16561d0002402888a850bcceeb0150bcd86c2e000a', '', '2', '20151031154151', '20160505155138', '40288b854a329988014a329a12f30002', '40288b854a329988014a329a12f30002', '1', '402888a850bcceeb0150bcd7f9780009', 'alone', 'icon-email', null, '');
INSERT INTO `alone_auth_actiontree` VALUES ('402888a850bcceeb0150bcd86c2e000b', '3', '40288b854a38408e014a384c4f3c0002', '数据字典', '402894ca4a9a155d014a9a16561d0002402888a850bcceeb0150bcd86c2e000b', '', '2', '20151031154151', '20160505155138', '40288b854a329988014a329a12f30002', '40288b854a329988014a329a12f30002', '1', '40288b854a38974f014a38bd26a0002a', 'alone', 'icon-email', null, '');
INSERT INTO `alone_auth_actiontree` VALUES ('402888a850bcceeb0150bcd86c2e000c', '3', '40288b854a38408e014a384c4f3c0002', '个性化参数', '402894ca4a9a155d014a9a16561d0002402888a850bcceeb0150bcd86c2e000c', '', '2', '20151031154151', '20160505155138', '40288b854a329988014a329a12f30002', '40288b854a329988014a329a12f30002', '1', '40288b854a38974f014a38bb431b0028', 'alone', 'icon-email', null, '');
INSERT INTO `alone_auth_actiontree` VALUES ('402888a850bcceeb0150bcd86c2e000d', '3', '402880ea5bf7504c015bf8b1e35a001a', '权限定义', '402880ea5bf7504c015bf8b1e35a001a402888a850bcceeb0150bcd86c2e000d', '', '2', '20151031154151', '20160505155138', '40288b854a329988014a329a12f30002', '40288b854a329988014a329a12f30002', '1', '40288b854a38408e014a384de88a0005', 'alone', 'icon-email', null, '');
INSERT INTO `alone_auth_actiontree` VALUES ('402888a850bcceeb0150bcd86c2e000e', '3', '402880ea5bf7504c015bf8b1e35a001a', '权限构造', '402880ea5bf7504c015bf8b1e35a001a402888a850bcceeb0150bcd86c2e000e', '', '2', '20151031154151', '20160505155138', '40288b854a329988014a329a12f30002', '40288b854a329988014a329a12f30002', '1', '40288b854a38974f014a38b3a6700017', 'alone', 'icon-email', null, '');
INSERT INTO `alone_auth_actiontree` VALUES ('402888a850bcceeb0150bcd86c2e000f', '3', '40288b854a38408e014a384c4f3c0002', '参数定义', '402894ca4a9a155d014a9a16561d0002402888a850bcceeb0150bcd86c2e000f', '', '2', '20151031154151', '20160505155138', '40288b854a329988014a329a12f30002', '40288b854a329988014a329a12f30002', '1', '40288b854a38974f014a38ba24f90024', 'alone', 'icon-email', null, '');
INSERT INTO `alone_auth_actiontree` VALUES ('402888a850bcceeb0150bcd86c2e000g', '3', '40288b854a38408e014a384c4f3c0002', '系统参数', '40288b854a38408e014a384c4f3c0002402888a850bcceeb0150bcd86c2e000g', '', '2', '20151031154151', '20160505155138', '40288b854a329988014a329a12f30002', '40288b854a329988014a329a12f30002', '1', '40288b854a38974f014a38bafb830026', 'alone', 'icon-email', null, '');
INSERT INTO `alone_auth_actiontree` VALUES ('402888a850bcceeb0150bcd86c2e000h', '3', '402880ea5bf7504c015bf8a9dee40016', '组件库', '402880ea5bf7504c015bf8a9dee40016402888a850bcceeb0150bcd86c2e000h', '', '2', '20151031154151', '20170512015338', '40288b854a329988014a329a12f30002', '40288b854a329988014a329a12f30002', '1', '40288b854a3daac8014a3dfe03990005', 'alone', 'icon-email', null, '');
INSERT INTO `alone_auth_actiontree` VALUES ('402880ea5bf7504c015bf8a5da890012', '3', '402880ea5bf7504c015bf8a9dee40016', '门户配置', '402880ea5bf7504c015bf8a9dee40016402880ea5bf7504c015bf8a5da890012', '', '2', '20170512015430', '20170512015430', '40288b854a329988014a329a12f30002', '40288b854a329988014a329a12f30002', '1', '40288b854a3daac8014a3dfefcce0007', 'alone', '', null, '');
INSERT INTO `alone_auth_actiontree` VALUES ('402880ea5bf7504c015bf8a751d50013', '3', '40288b854a38408e014a384c4f3c0002', '表单分类', '40288b854a38408e014a384c4f3c0002402880ea5bf7504c015bf8a751d50013', '', '2', '20170512015606', '20170512015606', '40288b854a329988014a329a12f30002', '40288b854a329988014a329a12f30002', '1', '40288b854a3e037e014a3e1d76810003', 'alone', '', null, '');
INSERT INTO `alone_auth_actiontree` VALUES ('402880ea5bf7504c015bf8a80eda0014', '3', '40288b854a38408e014a384c4f3c0002', '查询表单配置', '40288b854a38408e014a384c4f3c0002402880ea5bf7504c015bf8a80eda0014', '', '2', '20170512015655', '20170512015655', '40288b854a329988014a329a12f30002', '40288b854a329988014a329a12f30002', '1', '40288b854a3e037e014a3e1e46150005', 'alone', '', null, '');
INSERT INTO `alone_auth_actiontree` VALUES ('402880ea5bf7504c015bf8a8c61c0015', '3', '40288b854a38408e014a384c4f3c0002', '数据库管理', '40288b854a38408e014a384c4f3c0002402880ea5bf7504c015bf8a8c61c0015', '', '2', '20170512015742', '20170512015742', '40288b854a329988014a329a12f30002', '40288b854a329988014a329a12f30002', '1', '40288b854a50d918014a50dbdc460002', 'alone', '', null, '');
INSERT INTO `alone_auth_actiontree` VALUES ('402880ea5bf7504c015bf8a9dee40016', '2', 'NONE', '门户管理', '402880ea5bf7504c015bf8a9dee40016', '', '1', '20141211174629', '20170515030032', '40288b854a329988014a329a12f30002', '40288b854a329988014a329a12f30002', '1', '', 'alone', 'icon-home', null, '');
INSERT INTO `alone_auth_actiontree` VALUES ('402880ea5bf7504c015bf8acbe440017', '1', '40288b854a50d918014a50dc82980004', '触发器定义', '40288b854a38408e014a384c4f3c000240288b854a50d918014a50dc82980004402880ea5bf7504c015bf8acbe440017', '', '2', '20170512020202', '20170512020202', '40288b854a329988014a329a12f30002', '40288b854a329988014a329a12f30002', '1', '40288b854a50d918014a50dcfa580005', 'alone', '', null, '');
INSERT INTO `alone_auth_actiontree` VALUES ('402880ea5bf7504c015bf8adcd6e0018', '2', '40288b854a50d918014a50dc82980004', '任务定义', '40288b854a38408e014a384c4f3c000240288b854a50d918014a50dc82980004402880ea5bf7504c015bf8adcd6e0018', '', '2', '20170512020311', '20170512020311', '40288b854a329988014a329a12f30002', '40288b854a329988014a329a12f30002', '1', '40288b854a50d918014a50ddb7400007', 'alone', '', null, '');
INSERT INTO `alone_auth_actiontree` VALUES ('402880ea5bf7504c015bf8b1e35a001a', '3', 'NONE', '权限管理', '402880ea5bf7504c015bf8b1e35a001a', '', '1', '20141230152602', '20170515030004', '40288b854a329988014a329a12f30002', '40288b854a329988014a329a12f30002', '1', '402880ea5bf7504c015bf8b1e35a0019', 'alone', 'icon-config', null, '');

-- ----------------------------
-- Table structure for alone_auth_organization
-- ----------------------------
DROP TABLE IF EXISTS `alone_auth_organization`;
CREATE TABLE `alone_auth_organization` (
  `ID` varchar(32) NOT NULL,
  `TREECODE` varchar(256) NOT NULL,
  `COMMENTS` varchar(128) DEFAULT NULL,
  `NAME` varchar(64) NOT NULL,
  `CTIME` varchar(14) NOT NULL,
  `UTIME` varchar(14) NOT NULL,
  `STATE` char(1) NOT NULL,
  `CUSER` varchar(32) NOT NULL,
  `MUSER` varchar(32) NOT NULL,
  `PARENTID` varchar(32) DEFAULT NULL,
  `SORT` int(11) DEFAULT NULL,
  `TYPE` char(1) NOT NULL COMMENT '组织类型：1科室、2班组、3队组、0其他',
  PRIMARY KEY (`ID`)
) ENGINE=MyISAM DEFAULT CHARSET=utf8 COMMENT='组织类型：科室、班组、队组、其他';

-- ----------------------------
-- Records of alone_auth_organization
-- ----------------------------
INSERT INTO `alone_auth_organization` VALUES ('402888ac547fe1050154800171f30000', '402888ac547fe1050154800171f30000', '', '超级管理员', '20160505162058', '20170518151414', '1', '40288b854a329988014a329a12f30002', '40288b854a329988014a329a12f30002', 'NONE', '1', '1');
INSERT INTO `alone_auth_organization` VALUES ('402880ea5bf2c05d015bf335fe1a000e', '402880ea5bf2c05d015bf335fe1a000e', '', '客户', '20170511003413', '20170511003413', '1', '40288b854a329988014a329a12f30002', '40288b854a329988014a329a12f30002', 'NONE', '2', '1');
INSERT INTO `alone_auth_organization` VALUES ('402880ea5c1a6389015c1a692952000d', '402880ea5c1a6389015c1a692952000d', '', '二级超级管理员', '20170518151518', '20170518151518', '1', '40288b854a329988014a329a12f30002', '40288b854a329988014a329a12f30002', 'NONE', '2', '1');

-- ----------------------------
-- Table structure for alone_auth_post
-- ----------------------------
DROP TABLE IF EXISTS `alone_auth_post`;
CREATE TABLE `alone_auth_post` (
  `ID` varchar(32) NOT NULL,
  `CTIME` varchar(16) NOT NULL,
  `ETIME` varchar(16) NOT NULL,
  `CUSERNAME` varchar(64) NOT NULL,
  `CUSER` varchar(32) NOT NULL,
  `EUSERNAME` varchar(64) NOT NULL,
  `EUSER` varchar(32) NOT NULL,
  `PSTATE` varchar(2) NOT NULL,
  `ORGANIZATIONID` varchar(32) NOT NULL,
  `NAME` varchar(64) NOT NULL,
  `EXTENDIS` varchar(2) NOT NULL COMMENT '0:否1:是（默认否）',
  PRIMARY KEY (`ID`),
  KEY `FK_Reference_51` (`ORGANIZATIONID`)
) ENGINE=MyISAM DEFAULT CHARSET=utf8;

-- ----------------------------
-- Records of alone_auth_post
-- ----------------------------
INSERT INTO `alone_auth_post` VALUES ('402888ac547fe10501548001be3a0001', '20160505162118', '20160505162118', '系统管理员', '40288b854a329988014a329a12f30002', '系统管理员', '40288b854a329988014a329a12f30002', '1', '402888ac547fe1050154800171f30000', '系统管理员', '1');
INSERT INTO `alone_auth_post` VALUES ('402880ea5bf2c05d015bf3467ac40010', '20170511005214', '20170511005214', '系统管理员', '40288b854a329988014a329a12f30002', '系统管理员', '40288b854a329988014a329a12f30002', '1', '402880ea5bf2c05d015bf335fe1a000e', '客户', '1');
INSERT INTO `alone_auth_post` VALUES ('402880ea5c1a6389015c1a6958d3000e', '20170518151530', '20170518151530', 'weiwei', '40288b854a329988014a329a12f30002', 'weiwei', '40288b854a329988014a329a12f30002', '1', '402880ea5c1a6389015c1a692952000d', '二级管理员', '1');

-- ----------------------------
-- Table structure for alone_auth_postaction
-- ----------------------------
DROP TABLE IF EXISTS `alone_auth_postaction`;
CREATE TABLE `alone_auth_postaction` (
  `ID` varchar(32) NOT NULL,
  `MENUID` varchar(32) NOT NULL,
  `POSTID` varchar(32) NOT NULL,
  PRIMARY KEY (`ID`),
  KEY `FK_Reference_8` (`MENUID`),
  KEY `FK_Reference_9` (`POSTID`)
) ENGINE=MyISAM DEFAULT CHARSET=utf8 COMMENT='InnoDB free: 12288 kB; (`actionid`) REFER `alone/alone_actio';

-- ----------------------------
-- Records of alone_auth_postaction
-- ----------------------------
INSERT INTO `alone_auth_postaction` VALUES ('402880ea5c1a50fb015c1a58b499003e', '402888a850bcceeb0150bcd86c2e000f', '402888ac547fe10501548001be3a0001');
INSERT INTO `alone_auth_postaction` VALUES ('402880ea5c1a50fb015c1a58b499003d', '402880ea5bf7504c015bf8a80eda0014', '402888ac547fe10501548001be3a0001');
INSERT INTO `alone_auth_postaction` VALUES ('402880ea5c1a50fb015c1a58b499003c', '402888a850bcceeb0150bcd86c2e000g', '402888ac547fe10501548001be3a0001');
INSERT INTO `alone_auth_postaction` VALUES ('402880ea5c1a50fb015c1a58b499003b', '402888a850bcceeb0150bcd86c2e000c', '402888ac547fe10501548001be3a0001');
INSERT INTO `alone_auth_postaction` VALUES ('402880ea5c1a50fb015c1a58b499003a', '402880ea5bf7504c015bf8a8c61c0015', '402888ac547fe10501548001be3a0001');
INSERT INTO `alone_auth_postaction` VALUES ('402880ea5c1a50fb015c1a58b4990039', '40288b854a38408e014a384c4f3c0002', '402888ac547fe10501548001be3a0001');
INSERT INTO `alone_auth_postaction` VALUES ('402880ea5c1a50fb015c1a58b4990038', '40288b854a38974f014a38bf10fc0030', '402888ac547fe10501548001be3a0001');
INSERT INTO `alone_auth_postaction` VALUES ('402880ea5c1a50fb015c1a58b4990037', '40288b854a38974f014a38beae79002e', '402888ac547fe10501548001be3a0001');
INSERT INTO `alone_auth_postaction` VALUES ('402880ea5c1a50fb015c1a58b4990036', '40288b854a38974f014a38be1805002c', '402888ac547fe10501548001be3a0001');
INSERT INTO `alone_auth_postaction` VALUES ('402880ea5c1a50fb015c1a58b4980035', '402888a850bcceeb0150bcd86c2e000d', '402888ac547fe10501548001be3a0001');
INSERT INTO `alone_auth_postaction` VALUES ('402880ea5c1a50fb015c1a58b4980034', '402888a850bcceeb0150bcd86c2e000e', '402888ac547fe10501548001be3a0001');
INSERT INTO `alone_auth_postaction` VALUES ('402880ea5c1a50fb015c1a58b4980033', '402880ea5bf7504c015bf8b1e35a001a', '402888ac547fe10501548001be3a0001');
INSERT INTO `alone_auth_postaction` VALUES ('402880ea5c1a50fb015c1a58b4980032', '402888a850472ac50150472e2d14000a', '402888ac547fe10501548001be3a0001');
INSERT INTO `alone_auth_postaction` VALUES ('402880ea5c1a50fb015c1a58b4980031', '402888a850bcceeb0150bcd86c2e000h', '402888ac547fe10501548001be3a0001');
INSERT INTO `alone_auth_postaction` VALUES ('402880ea5c1a50fb015c1a58b4980030', '402880ea5bf7504c015bf8a5da890012', '402888ac547fe10501548001be3a0001');
INSERT INTO `alone_auth_postaction` VALUES ('402880ea5c1a50fb015c1a58b498002f', '402880ea5bf7504c015bf8a9dee40016', '402888ac547fe10501548001be3a0001');
INSERT INTO `alone_auth_postaction` VALUES ('402880ea5c1a50fb015c1a58b498002e', '402888a850bcceeb0150bcd86c2e000a', '402888ac547fe10501548001be3a0001');
INSERT INTO `alone_auth_postaction` VALUES ('402880ea5c1a50fb015c1a58b498002d', '402888a8509d16e201509d1a934d000a', '402888ac547fe10501548001be3a0001');
INSERT INTO `alone_auth_postaction` VALUES ('402880ea5c1a50fb015c1a58b498002c', '402888a84f970dad014f971545c3000a', '402888ac547fe10501548001be3a0001');
INSERT INTO `alone_auth_postaction` VALUES ('402880ea5c1a50fb015c1a58b498002b', '402894ca4a9a155d014a9a1afe60000e', '402888ac547fe10501548001be3a0001');
INSERT INTO `alone_auth_postaction` VALUES ('402880ea5c1a50fb015c1a58b498002a', '402894ca4ae0e797014ae1ab12120032', '402888ac547fe10501548001be3a0001');
INSERT INTO `alone_auth_postaction` VALUES ('402880ea5c1a50fb015c1a58b4970029', '402894ca4a9a155d014a9a1a8de3000c', '402888ac547fe10501548001be3a0001');
INSERT INTO `alone_auth_postaction` VALUES ('402880ea5c1a50fb015c1a58b4970028', '402894ca4a9a155d014a9a1905200008', '402888ac547fe10501548001be3a0001');
INSERT INTO `alone_auth_postaction` VALUES ('402880ea5c1a50fb015c1a58b4970027', '402894ca4a9a155d014a9a1790810004', '402888ac547fe10501548001be3a0001');
INSERT INTO `alone_auth_postaction` VALUES ('402880ea5c1a50fb015c1a58b4970026', '402894ca4a9a155d014a9a16561d0002', '402888ac547fe10501548001be3a0001');
INSERT INTO `alone_auth_postaction` VALUES ('402880ea5c1a50fb015c1a58b499003f', '402880ea5bf7504c015bf8a751d50013', '402888ac547fe10501548001be3a0001');
INSERT INTO `alone_auth_postaction` VALUES ('402880ea5c1a50fb015c1a58b4990040', '40288b854a38974f014a38bafb830027', '402888ac547fe10501548001be3a0001');
INSERT INTO `alone_auth_postaction` VALUES ('402880ea5c1a50fb015c1a58b4990041', '402888a850bcceeb0150bcd86c2e000b', '402888ac547fe10501548001be3a0001');
INSERT INTO `alone_auth_postaction` VALUES ('402880ea5c1a50fb015c1a58b49a0042', '40288b854a38974f014a38b93d0a0023', '402888ac547fe10501548001be3a0001');
INSERT INTO `alone_auth_postaction` VALUES ('402880ea5c1a50fb015c1a58b49a0043', '40288b854a50d918014a50dc82980004', '402888ac547fe10501548001be3a0001');
INSERT INTO `alone_auth_postaction` VALUES ('402880ea5c1a50fb015c1a58b49a0044', '402880ea5bf7504c015bf8acbe440017', '402888ac547fe10501548001be3a0001');
INSERT INTO `alone_auth_postaction` VALUES ('402880ea5c1a50fb015c1a58b49a0045', '402880ea5bf7504c015bf8adcd6e0018', '402888ac547fe10501548001be3a0001');
INSERT INTO `alone_auth_postaction` VALUES ('402880ea5c1a50fb015c1a58b49a0046', '40288b854a50d918014a50def0aa000a', '402888ac547fe10501548001be3a0001');
INSERT INTO `alone_auth_postaction` VALUES ('402880ea5c1a6389015c1a6987020027', '40288b854a50d918014a50def0aa000a', '402880ea5c1a6389015c1a6958d3000e');
INSERT INTO `alone_auth_postaction` VALUES ('402880ea5c1a6389015c1a6987020026', '402880ea5bf7504c015bf8adcd6e0018', '402880ea5c1a6389015c1a6958d3000e');
INSERT INTO `alone_auth_postaction` VALUES ('402880ea5c1a6389015c1a6987020025', '402880ea5bf7504c015bf8acbe440017', '402880ea5c1a6389015c1a6958d3000e');
INSERT INTO `alone_auth_postaction` VALUES ('402880ea5c1a6389015c1a6987020024', '40288b854a50d918014a50dc82980004', '402880ea5c1a6389015c1a6958d3000e');
INSERT INTO `alone_auth_postaction` VALUES ('402880ea5c1a6389015c1a6987020023', '40288b854a38974f014a38b93d0a0023', '402880ea5c1a6389015c1a6958d3000e');
INSERT INTO `alone_auth_postaction` VALUES ('402880ea5c1a6389015c1a6987010022', '402880ea5bf7504c015bf8a80eda0014', '402880ea5c1a6389015c1a6958d3000e');
INSERT INTO `alone_auth_postaction` VALUES ('402880ea5c1a6389015c1a6987010021', '402888a850bcceeb0150bcd86c2e000c', '402880ea5c1a6389015c1a6958d3000e');
INSERT INTO `alone_auth_postaction` VALUES ('402880ea5c1a6389015c1a6987010020', '40288b854a38974f014a38bafb830027', '402880ea5c1a6389015c1a6958d3000e');
INSERT INTO `alone_auth_postaction` VALUES ('402880ea5c1a6389015c1a698701001f', '402880ea5bf7504c015bf8a751d50013', '402880ea5c1a6389015c1a6958d3000e');
INSERT INTO `alone_auth_postaction` VALUES ('402880ea5c1a6389015c1a698701001e', '402888a850bcceeb0150bcd86c2e000b', '402880ea5c1a6389015c1a6958d3000e');
INSERT INTO `alone_auth_postaction` VALUES ('402880ea5c1a6389015c1a698701001d', '402888a850bcceeb0150bcd86c2e000g', '402880ea5c1a6389015c1a6958d3000e');
INSERT INTO `alone_auth_postaction` VALUES ('402880ea5c1a6389015c1a698701001c', '402880ea5bf7504c015bf8a8c61c0015', '402880ea5c1a6389015c1a6958d3000e');
INSERT INTO `alone_auth_postaction` VALUES ('402880ea5c1a6389015c1a698701001b', '402888a850bcceeb0150bcd86c2e000f', '402880ea5c1a6389015c1a6958d3000e');
INSERT INTO `alone_auth_postaction` VALUES ('402880ea5c1a6389015c1a698701001a', '40288b854a38408e014a384c4f3c0002', '402880ea5c1a6389015c1a6958d3000e');
INSERT INTO `alone_auth_postaction` VALUES ('402880ea5c1a6389015c1a6987010019', '402888a850472ac50150472e2d14000a', '402880ea5c1a6389015c1a6958d3000e');
INSERT INTO `alone_auth_postaction` VALUES ('402880ea5c1a6389015c1a6987000018', '402880ea5bf7504c015bf8a9dee40016', '402880ea5c1a6389015c1a6958d3000e');
INSERT INTO `alone_auth_postaction` VALUES ('402880ea5c1a6389015c1a698700000f', '402894ca4a9a155d014a9a16561d0002', '402880ea5c1a6389015c1a6958d3000e');
INSERT INTO `alone_auth_postaction` VALUES ('402880ea5c1a6389015c1a6987000010', '402894ca4a9a155d014a9a1790810004', '402880ea5c1a6389015c1a6958d3000e');
INSERT INTO `alone_auth_postaction` VALUES ('402880ea5c1a6389015c1a6987000011', '402894ca4a9a155d014a9a1905200008', '402880ea5c1a6389015c1a6958d3000e');
INSERT INTO `alone_auth_postaction` VALUES ('402880ea5c1a6389015c1a6987000012', '402894ca4a9a155d014a9a1a8de3000c', '402880ea5c1a6389015c1a6958d3000e');
INSERT INTO `alone_auth_postaction` VALUES ('402880ea5c1a6389015c1a6987000013', '402894ca4a9a155d014a9a1afe60000e', '402880ea5c1a6389015c1a6958d3000e');
INSERT INTO `alone_auth_postaction` VALUES ('402880ea5c1a6389015c1a6987000014', '402894ca4ae0e797014ae1ab12120032', '402880ea5c1a6389015c1a6958d3000e');
INSERT INTO `alone_auth_postaction` VALUES ('402880ea5c1a6389015c1a6987000015', '402888a84f970dad014f971545c3000a', '402880ea5c1a6389015c1a6958d3000e');
INSERT INTO `alone_auth_postaction` VALUES ('402880ea5c1a6389015c1a6987000016', '402888a8509d16e201509d1a934d000a', '402880ea5c1a6389015c1a6958d3000e');
INSERT INTO `alone_auth_postaction` VALUES ('402880ea5c1a6389015c1a6987000017', '402888a850bcceeb0150bcd86c2e000a', '402880ea5c1a6389015c1a6958d3000e');

-- ----------------------------
-- Table structure for alone_auth_user
-- ----------------------------
DROP TABLE IF EXISTS `alone_auth_user`;
CREATE TABLE `alone_auth_user` (
  `ID` varchar(32) NOT NULL,
  `NAME` varchar(64) NOT NULL,
  `PASSWORD` varchar(32) NOT NULL COMMENT 'MD5(password+loginname)',
  `COMMENTS` varchar(128) DEFAULT NULL,
  `TYPE` char(1) DEFAULT NULL COMMENT '1:系统用户:2其他3超级用户',
  `CTIME` varchar(14) NOT NULL,
  `UTIME` varchar(14) NOT NULL,
  `CUSER` varchar(32) NOT NULL,
  `MUSER` varchar(32) NOT NULL,
  `STATE` char(1) NOT NULL,
  `LOGINNAME` varchar(64) NOT NULL,
  `LOGINTIME` varchar(14) DEFAULT NULL,
  `IMGID` varchar(32) DEFAULT NULL,
  PRIMARY KEY (`ID`)
) ENGINE=MyISAM DEFAULT CHARSET=utf8 COMMENT='InnoDB free: 12288 kB alone_user';

-- ----------------------------
-- Records of alone_auth_user
-- ----------------------------
INSERT INTO `alone_auth_user` VALUES ('40288b854a329988014a329a12f30002', 'weiwei', '45A6964B87BEC90B5B6C6414FAF397A7', '', '3', '20141210130925', '20151019195604', 'userId', '40288b854a329988014a329a12f30002', '1', 'sysadmin', '20170520061743', '402880ea5c1a50fb015c1a55e0f90008');
INSERT INTO `alone_auth_user` VALUES ('402880ea5bf2c05d015bf32e0e700007', 'www', '9F0B9CD27D6AA203A7A20D00A7603167', null, '3', '20170511002533', '20170511003350', 'witt', '40288b854a329988014a329a12f30002', '1', 'witt', '20170520062418', '402880ea5bf2c05d015bf32e0b180006');
INSERT INTO `alone_auth_user` VALUES ('402880ea5bf2c05d015bf34716c80011', 'yh', '9F515A6E413BD5D5DC82B79C7B771FE4', '', '1', '20170511005254', '20170511005254', '40288b854a329988014a329a12f30002', '40288b854a329988014a329a12f30002', '1', 'yh', '20170518151239', null);
INSERT INTO `alone_auth_user` VALUES ('402880ea5c154681015c154d78850001', '111', '336378E5EA5D81A88093B74DB88B2D6D', null, '1', '20170517152657', '20170518150515', 'abcd', '402880ea5c1a50fb015c1a558f2e0005', '1', 'abcd', '20170518225326', '402880ea5c154681015c154d75030000');
INSERT INTO `alone_auth_user` VALUES ('402880ea5c1a50fb015c1a5518b00001', '雄雄', 'DF7C469C754FD84E1B2112C492089BAF', null, '1', '20170518145323', '20170518152429', 'xiong', '40288b854a329988014a329a12f30002', '1', 'xiong', '20170518152444', '402880ea5c1a50fb015c1a5514ce0000');
INSERT INTO `alone_auth_user` VALUES ('402880ea5c1a50fb015c1a558f2e0005', '阿伟', 'D7245F1B73BE1564112E78D308D3946D', null, '1', '20170518145353', '20170518152436', 'awei', '40288b854a329988014a329a12f30002', '1', 'awei', '20170518225241', '402880ea5c1a50fb015c1a558b850004');

-- ----------------------------
-- Table structure for alone_auth_userorg
-- ----------------------------
DROP TABLE IF EXISTS `alone_auth_userorg`;
CREATE TABLE `alone_auth_userorg` (
  `ID` varchar(32) NOT NULL,
  `USERID` varchar(32) NOT NULL,
  `ORGANIZATIONID` varchar(32) NOT NULL,
  PRIMARY KEY (`ID`)
) ENGINE=InnoDB DEFAULT CHARSET=utf8 COMMENT='InnoDB free: 12288 kB; (`organizationid`) REFER `alone/alone';

-- ----------------------------
-- Records of alone_auth_userorg
-- ----------------------------
INSERT INTO `alone_auth_userorg` VALUES ('402880ea5bf2c05d015bf335a27f000c', '402880ea5bf2c05d015bf32e0e700007', '402888ac547fe1050154800171f30000');
INSERT INTO `alone_auth_userorg` VALUES ('402880ea5bf2c05d015bf34716c80012', '402880ea5bf2c05d015bf34716c80011', '402880ea5bf2c05d015bf335fe1a000e');
INSERT INTO `alone_auth_userorg` VALUES ('402880ea5c1a50fb015c1a5ff56b009d', '402880ea5c154681015c154d78850001', '402880ea5bf2c05d015bf335fe1a000e');
INSERT INTO `alone_auth_userorg` VALUES ('402880ea5c1a6389015c1a7190670030', '402880ea5c1a50fb015c1a5518b00001', '402880ea5c1a6389015c1a692952000d');
INSERT INTO `alone_auth_userorg` VALUES ('402880ea5c1a6389015c1a71ab650032', '402880ea5c1a50fb015c1a558f2e0005', '402880ea5c1a6389015c1a692952000d');

-- ----------------------------
-- Table structure for alone_auth_userpost
-- ----------------------------
DROP TABLE IF EXISTS `alone_auth_userpost`;
CREATE TABLE `alone_auth_userpost` (
  `ID` varchar(32) NOT NULL,
  `USERID` varchar(32) NOT NULL,
  `POSTID` varchar(32) NOT NULL,
  PRIMARY KEY (`ID`)
) ENGINE=InnoDB DEFAULT CHARSET=utf8;

-- ----------------------------
-- Records of alone_auth_userpost
-- ----------------------------
INSERT INTO `alone_auth_userpost` VALUES ('402880ea5bf2c05d015bf335a281000d', '402880ea5bf2c05d015bf32e0e700007', '402888ac547fe10501548001be3a0001');
INSERT INTO `alone_auth_userpost` VALUES ('402880ea5bf2c05d015bf34716c80013', '402880ea5bf2c05d015bf34716c80011', '402880ea5bf2c05d015bf3467ac40010');
INSERT INTO `alone_auth_userpost` VALUES ('402880ea5c1a50fb015c1a5ff56c009e', '402880ea5c154681015c154d78850001', '402880ea5bf2c05d015bf3467ac40010');
INSERT INTO `alone_auth_userpost` VALUES ('402880ea5c1a6389015c1a7190680031', '402880ea5c1a50fb015c1a5518b00001', '402880ea5c1a6389015c1a6958d3000e');
INSERT INTO `alone_auth_userpost` VALUES ('402880ea5c1a6389015c1a71ab670033', '402880ea5c1a50fb015c1a558f2e0005', '402880ea5c1a6389015c1a6958d3000e');

-- ----------------------------
-- Table structure for alone_dictionary_entity
-- ----------------------------
DROP TABLE IF EXISTS `alone_dictionary_entity`;
CREATE TABLE `alone_dictionary_entity` (
  `ID` varchar(32) NOT NULL,
  `CTIME` varchar(12) NOT NULL,
  `UTIME` varchar(12) NOT NULL,
  `CUSER` varchar(32) NOT NULL,
  `MUSER` varchar(32) NOT NULL,
  `STATE` char(1) NOT NULL DEFAULT '',
  `NAME` varchar(128) NOT NULL,
  `ENTITYINDEX` varchar(128) NOT NULL,
  `COMMENTS` varchar(128) DEFAULT NULL,
  `TYPE` char(1) NOT NULL,
  PRIMARY KEY (`ID`)
) ENGINE=InnoDB DEFAULT CHARSET=utf8 COMMENT='InnoDB free: 12288 kB';

-- ----------------------------
-- Records of alone_dictionary_entity
-- ----------------------------
INSERT INTO `alone_dictionary_entity` VALUES ('402888a855ce21490155ce3ebb7f0000', '201607091401', '201607091401', '40288b854a329988014a329a12f30002', '40288b854a329988014a329a12f30002', '1', '个人简历-期望工作性质', 'RESUME_WORKNATURE', '{全职:1, 兼职:2, 实习:3}', '1');
INSERT INTO `alone_dictionary_entity` VALUES ('402888a855ce21490155ce402ec90001', '201607091402', '201607091402', '40288b854a329988014a329a12f30002', '40288b854a329988014a329a12f30002', '1', '个人简历-期望从事职业', 'RESUME_WORKOCCUPATION', '{开发:1, 测试:2, 项目经理:4}', '1');
INSERT INTO `alone_dictionary_entity` VALUES ('402888a855ce21490155ce4062ef0002', '201607091402', '201607091402', '40288b854a329988014a329a12f30002', '40288b854a329988014a329a12f30002', '1', '个人简历-期望从事行业', 'RESUME_WORKINDUSTRY', '{金融业:1, IT|通信|电子|互联网:2, 政府|非盈利机构:3, 交通|运输|物流|仓储:4, 其它:99}', '1');
INSERT INTO `alone_dictionary_entity` VALUES ('402888a855ce21490155ce409db00003', '201607091403', '201607091403', '40288b854a329988014a329a12f30002', '40288b854a329988014a329a12f30002', '1', '个人简历-工作状态', 'RESUME_WORKSTAT', '{在职:1, 离职:2}', '1');
INSERT INTO `alone_dictionary_entity` VALUES ('402888ac55c54f310155c557c10f0000', '201607072031', '201607072031', '40288b854a329988014a329a12f30002', '40288b854a329988014a329a12f30002', '1', '个人简历-性别', 'RESUME_SEX', '{男:1, 女:2}', '1');
INSERT INTO `alone_dictionary_entity` VALUES ('402888ac55c9abb00155c9b11a730000', '201607081647', '201607081647', '40288b854a329988014a329a12f30002', '40288b854a329988014a329a12f30002', '1', '个人简历-婚姻状况', 'RESUME_MARRIAGESTA', '{未婚:1, 已婚:2, 离异:3}', '1');
INSERT INTO `alone_dictionary_entity` VALUES ('402888ac55c9abb00155c9b1a65e0001', '201607081648', '201607081648', '40288b854a329988014a329a12f30002', '40288b854a329988014a329a12f30002', '1', '个人简历-海外工作/学习经历', 'RESUME_STUDYABROAD', '{有:1, 无:2}', '1');
INSERT INTO `alone_dictionary_entity` VALUES ('402888ac55c9abb00155c9b1d83e0002', '201607081648', '201607081648', '40288b854a329988014a329a12f30002', '40288b854a329988014a329a12f30002', '1', '个人简历-政治面貌', 'RESUME_ZZMM', '{中共党员(含预备党员):1, 团员:2, 群众:3, 民主党派:4, 无党派人士:5}', '1');
INSERT INTO `alone_dictionary_entity` VALUES ('402888ac55c9abb00155c9ba602a000d', '201607081658', '201607081658', '40288b854a329988014a329a12f30002', '40288b854a329988014a329a12f30002', '1', '个人简历-国籍', 'RESUME_NATIONALITY', '{中国:1, 其它:99}', '1');
INSERT INTO `alone_dictionary_entity` VALUES ('402888ac55c9abb00155c9bec52b0011', '201607081702', '201607081702', '40288b854a329988014a329a12f30002', '40288b854a329988014a329a12f30002', '1', '个人简历-证件类型', 'RESUME_OTHERTYPE', '{驾照:1, 其它:99}', '1');
INSERT INTO `alone_dictionary_entity` VALUES ('402888ac55cd984d0155cdad81b30000', '201607091122', '201607091122', '40288b854a329988014a329a12f30002', '40288b854a329988014a329a12f30002', '1', '个人简历-学历', 'RESUME_DEGREE', '{初中:4, 高中:8, 大专:12, 本科:16, 研究生:5, 博士生:20}', '1');
INSERT INTO `alone_dictionary_entity` VALUES ('402888ac55cd984d0155cdadd46f0001', '201607091122', '201607091122', '40288b854a329988014a329a12f30002', '40288b854a329988014a329a12f30002', '1', '个人简历-是否统招', 'RESUME_UNITARYIS', '{是:1, 否:2}', '1');
INSERT INTO `alone_dictionary_entity` VALUES ('402888ac55ce66e90155ce7702aa0000', '201607091502', '201607091502', '40288b854a329988014a329a12f30002', '40288b854a329988014a329a12f30002', '1', '个人简历-行业类别', 'RESUME_TYPE', '{IT:1, 房地产/建筑/建材/工程:2, 耐用消费品（服饰/纺织/皮革/家具/家电）:3, 医药/生物工程:4, 广告/会展/公关:5, 其它:99}', '1');
INSERT INTO `alone_dictionary_entity` VALUES ('402888ac55ce66e90155ce7736ed0001', '201607091502', '201607091502', '40288b854a329988014a329a12f30002', '40288b854a329988014a329a12f30002', '1', '个人简历-企业性质', 'RESUME_EPROPERTY', '{国企|央企:1, 私企:2, 外企:3, 其它:99}', '1');
INSERT INTO `alone_dictionary_entity` VALUES ('402888ac55ce66e90155ce7761670002', '201607091502', '201607091502', '40288b854a329988014a329a12f30002', '40288b854a329988014a329a12f30002', '1', '个人简历-企业规模', 'RESUME_ESCALE', '{20人以下:1, 20~100:2, 100~500:3, 500~1000:4, 1000~5000:5, 5000~10000:6, 10000人以上:7}', '1');
INSERT INTO `alone_dictionary_entity` VALUES ('402888ac55ce66e90155ce77871a0003', '201607091503', '201607091503', '40288b854a329988014a329a12f30002', '40288b854a329988014a329a12f30002', '1', '个人简历-职位月薪(税前)', 'RESUME_SALARY', '{1000以下:1, 2000~3000:2, 3000~4000:3, 4000~5000:4, 5000~7000:5, 7000~9000:7, 10000~15000:10, 15000~以上...', '1');
INSERT INTO `alone_dictionary_entity` VALUES ('402888ac55d3b5ef0155d3baf3ac0000', '201607101534', '201607101534', '40288b854a329988014a329a12f30002', '40288b854a329988014a329a12f30002', '1', '个人简历-与本人关系', 'RESUME_RELATIONTYPE', '{父母:1, 兄弟姐妹:2, 子女:3, 其他:99}', '1');
INSERT INTO `alone_dictionary_entity` VALUES ('402894ca49600f600149602141820000', '201410301617', '201410301617', '12312323123123', '12312323123123', '1', '系统菜单域', 'ALONE_MENU_DOMAIN', '{前台:HOME}', '1');
INSERT INTO `alone_dictionary_entity` VALUES ('402894ca4add11f6014add1ad9cd000e', '201501121545', '201501121545', '40288b854a329988014a329a12f30002', '40288b854a329988014a329a12f30002', '1', '计划任务标签', 'PLAN_TAGS', '{日程:日程, 错误修复:错误修复}', '1');

-- ----------------------------
-- Table structure for alone_dictionary_type
-- ----------------------------
DROP TABLE IF EXISTS `alone_dictionary_type`;
CREATE TABLE `alone_dictionary_type` (
  `CTIME` varchar(12) NOT NULL,
  `UTIME` varchar(12) NOT NULL,
  `CUSER` varchar(32) NOT NULL,
  `MUSER` varchar(32) NOT NULL,
  `STATE` char(1) NOT NULL,
  `NAME` varchar(128) NOT NULL,
  `COMMENTS` varchar(128) DEFAULT NULL,
  `ENTITYTYPE` varchar(128) NOT NULL,
  `ENTITY` varchar(32) NOT NULL,
  `ID` varchar(32) NOT NULL DEFAULT '',
  `SORT` int(11) NOT NULL,
  `PARENTID` varchar(32) DEFAULT NULL,
  `TREECODE` varchar(256) DEFAULT NULL,
  PRIMARY KEY (`ID`),
  KEY `FK_Reference_8` (`ENTITY`),
  CONSTRAINT `FK_Reference_8` FOREIGN KEY (`ENTITY`) REFERENCES `alone_dictionary_entity` (`ID`)
) ENGINE=InnoDB DEFAULT CHARSET=utf8 COMMENT='InnoDB free: 12288 kB alone_dictionary_type';

-- ----------------------------
-- Records of alone_dictionary_type
-- ----------------------------
INSERT INTO `alone_dictionary_type` VALUES ('201607091404', '201607091404', '40288b854a329988014a329a12f30002', '40288b854a329988014a329a12f30002', '1', '在职', '', '1', '402888a855ce21490155ce409db00003', '402888a855ce21490155ce41a7670004', '1', 'NONE', '402888a855ce21490155ce41a7670004');
INSERT INTO `alone_dictionary_type` VALUES ('201607091404', '201607091404', '40288b854a329988014a329a12f30002', '40288b854a329988014a329a12f30002', '1', '离职', '', '2', '402888a855ce21490155ce409db00003', '402888a855ce21490155ce41c5150005', '2', 'NONE', '402888a855ce21490155ce41c5150005');
INSERT INTO `alone_dictionary_type` VALUES ('201607091404', '201607091408', '40288b854a329988014a329a12f30002', '系统管理员', '1', '全职', '', '1', '402888a855ce21490155ce3ebb7f0000', '402888a855ce21490155ce423ae50006', '1', 'NONE', '402888a855ce21490155ce423ae50006');
INSERT INTO `alone_dictionary_type` VALUES ('201607091405', '201607091408', '40288b854a329988014a329a12f30002', '系统管理员', '1', '兼职', '', '2', '402888a855ce21490155ce3ebb7f0000', '402888a855ce21490155ce425f100007', '2', 'NONE', '402888a855ce21490155ce425f100007');
INSERT INTO `alone_dictionary_type` VALUES ('201607091405', '201607091408', '40288b854a329988014a329a12f30002', '系统管理员', '1', '实习', '', '3', '402888a855ce21490155ce3ebb7f0000', '402888a855ce21490155ce4289370008', '3', 'NONE', '402888a855ce21490155ce4289370008');
INSERT INTO `alone_dictionary_type` VALUES ('201607091406', '201607091406', '40288b854a329988014a329a12f30002', '40288b854a329988014a329a12f30002', '1', '金融业', '', '1', '402888a855ce21490155ce4062ef0002', '402888a855ce21490155ce4386860009', '1', 'NONE', '402888a855ce21490155ce4386860009');
INSERT INTO `alone_dictionary_type` VALUES ('201607091406', '201607091407', '40288b854a329988014a329a12f30002', '系统管理员', '1', 'IT|通信|电子|互联网', '', '2', '402888a855ce21490155ce4062ef0002', '402888a855ce21490155ce43be05000a', '2', 'NONE', '402888a855ce21490155ce43be05000a');
INSERT INTO `alone_dictionary_type` VALUES ('201607091406', '201607091406', '40288b854a329988014a329a12f30002', '系统管理员', '1', '政府|非盈利机构', '', '3', '402888a855ce21490155ce4062ef0002', '402888a855ce21490155ce43f6e6000b', '3', 'NONE', '402888a855ce21490155ce43f6e6000b');
INSERT INTO `alone_dictionary_type` VALUES ('201607091407', '201607091407', '40288b854a329988014a329a12f30002', '40288b854a329988014a329a12f30002', '1', '交通|运输|物流|仓储', '', '4', '402888a855ce21490155ce4062ef0002', '402888a855ce21490155ce447d79000c', '4', 'NONE', '402888a855ce21490155ce447d79000c');
INSERT INTO `alone_dictionary_type` VALUES ('201607091407', '201607091407', '40288b854a329988014a329a12f30002', '40288b854a329988014a329a12f30002', '1', '其它', '', '99', '402888a855ce21490155ce4062ef0002', '402888a855ce21490155ce44faac000d', '99', 'NONE', '402888a855ce21490155ce44faac000d');
INSERT INTO `alone_dictionary_type` VALUES ('201607091409', '201607091409', '40288b854a329988014a329a12f30002', '40288b854a329988014a329a12f30002', '1', '开发', '', '1', '402888a855ce21490155ce402ec90001', '402888a855ce21490155ce4655fa000e', '1', 'NONE', '402888a855ce21490155ce4655fa000e');
INSERT INTO `alone_dictionary_type` VALUES ('201607091409', '201607091409', '40288b854a329988014a329a12f30002', '系统管理员', '1', '测试', '', '2', '402888a855ce21490155ce402ec90001', '402888a855ce21490155ce466939000f', '2', 'NONE', '402888a855ce21490155ce466939000f');
INSERT INTO `alone_dictionary_type` VALUES ('201607091409', '201607091409', '40288b854a329988014a329a12f30002', '系统管理员', '1', '项目经理', '', '4', '402888a855ce21490155ce402ec90001', '402888a855ce21490155ce4685650010', '4', 'NONE', '402888a855ce21490155ce4685650010');
INSERT INTO `alone_dictionary_type` VALUES ('201607072032', '201607072032', '40288b854a329988014a329a12f30002', '40288b854a329988014a329a12f30002', '1', '男', '', '1', '402888ac55c54f310155c557c10f0000', '402888ac55c54f310155c5581bc10001', '1', 'NONE', '402888ac55c54f310155c5581bc10001');
INSERT INTO `alone_dictionary_type` VALUES ('201607072032', '201607072032', '40288b854a329988014a329a12f30002', '40288b854a329988014a329a12f30002', '1', '女', '', '2', '402888ac55c54f310155c557c10f0000', '402888ac55c54f310155c55840860002', '2', 'NONE', '402888ac55c54f310155c55840860002');
INSERT INTO `alone_dictionary_type` VALUES ('201607081649', '201607081649', '40288b854a329988014a329a12f30002', '40288b854a329988014a329a12f30002', '1', '有', '', '1', '402888ac55c9abb00155c9b1a65e0001', '402888ac55c9abb00155c9b224aa0003', '1', 'NONE', '402888ac55c9abb00155c9b224aa0003');
INSERT INTO `alone_dictionary_type` VALUES ('201607081649', '201607081649', '40288b854a329988014a329a12f30002', '40288b854a329988014a329a12f30002', '1', '无', '', '2', '402888ac55c9abb00155c9b1a65e0001', '402888ac55c9abb00155c9b24e9b0004', '2', 'NONE', '402888ac55c9abb00155c9b24e9b0004');
INSERT INTO `alone_dictionary_type` VALUES ('201607081649', '201607081649', '40288b854a329988014a329a12f30002', '40288b854a329988014a329a12f30002', '1', '中共党员(含预备党员)', '', '1', '402888ac55c9abb00155c9b1d83e0002', '402888ac55c9abb00155c9b2a65c0005', '1', 'NONE', '402888ac55c9abb00155c9b2a65c0005');
INSERT INTO `alone_dictionary_type` VALUES ('201607081649', '201607081649', '40288b854a329988014a329a12f30002', '40288b854a329988014a329a12f30002', '1', '团员', '', '2', '402888ac55c9abb00155c9b1d83e0002', '402888ac55c9abb00155c9b2cb7a0006', '2', 'NONE', '402888ac55c9abb00155c9b2cb7a0006');
INSERT INTO `alone_dictionary_type` VALUES ('201607081649', '201607081649', '40288b854a329988014a329a12f30002', '40288b854a329988014a329a12f30002', '1', '群众', '', '3', '402888ac55c9abb00155c9b1d83e0002', '402888ac55c9abb00155c9b2ea760007', '3', 'NONE', '402888ac55c9abb00155c9b2ea760007');
INSERT INTO `alone_dictionary_type` VALUES ('201607081650', '201607081650', '40288b854a329988014a329a12f30002', '40288b854a329988014a329a12f30002', '1', '民主党派', '', '4', '402888ac55c9abb00155c9b1d83e0002', '402888ac55c9abb00155c9b308cb0008', '4', 'NONE', '402888ac55c9abb00155c9b308cb0008');
INSERT INTO `alone_dictionary_type` VALUES ('201607081650', '201607081650', '40288b854a329988014a329a12f30002', '40288b854a329988014a329a12f30002', '1', '无党派人士', '', '5', '402888ac55c9abb00155c9b1d83e0002', '402888ac55c9abb00155c9b31ee50009', '5', 'NONE', '402888ac55c9abb00155c9b31ee50009');
INSERT INTO `alone_dictionary_type` VALUES ('201607081650', '201607081650', '40288b854a329988014a329a12f30002', '40288b854a329988014a329a12f30002', '1', '未婚', '', '1', '402888ac55c9abb00155c9b11a730000', '402888ac55c9abb00155c9b3727c000a', '1', 'NONE', '402888ac55c9abb00155c9b3727c000a');
INSERT INTO `alone_dictionary_type` VALUES ('201607081650', '201607081650', '40288b854a329988014a329a12f30002', '40288b854a329988014a329a12f30002', '1', '已婚', '', '2', '402888ac55c9abb00155c9b11a730000', '402888ac55c9abb00155c9b38991000b', '2', 'NONE', '402888ac55c9abb00155c9b38991000b');
INSERT INTO `alone_dictionary_type` VALUES ('201607081650', '201607081650', '40288b854a329988014a329a12f30002', '40288b854a329988014a329a12f30002', '1', '离异', '', '3', '402888ac55c9abb00155c9b11a730000', '402888ac55c9abb00155c9b39d1e000c', '3', 'NONE', '402888ac55c9abb00155c9b39d1e000c');
INSERT INTO `alone_dictionary_type` VALUES ('201607081658', '201607081658', '40288b854a329988014a329a12f30002', '40288b854a329988014a329a12f30002', '1', '中国', '', '1', '402888ac55c9abb00155c9ba602a000d', '402888ac55c9abb00155c9bb2246000e', '1', 'NONE', '402888ac55c9abb00155c9bb2246000e');
INSERT INTO `alone_dictionary_type` VALUES ('201607081659', '201607081659', '40288b854a329988014a329a12f30002', '40288b854a329988014a329a12f30002', '1', '其它', '', '99', '402888ac55c9abb00155c9ba602a000d', '402888ac55c9abb00155c9bb5a380010', '99', 'NONE', '402888ac55c9abb00155c9bb5a380010');
INSERT INTO `alone_dictionary_type` VALUES ('201607081703', '201607081703', '40288b854a329988014a329a12f30002', '40288b854a329988014a329a12f30002', '1', '驾照', '', '1', '402888ac55c9abb00155c9bec52b0011', '402888ac55c9abb00155c9bf2fe00012', '1', 'NONE', '402888ac55c9abb00155c9bf2fe00012');
INSERT INTO `alone_dictionary_type` VALUES ('201607081703', '201607081703', '40288b854a329988014a329a12f30002', '40288b854a329988014a329a12f30002', '1', '其它', '', '99', '402888ac55c9abb00155c9bec52b0011', '402888ac55c9abb00155c9bf4c4d0013', '99', 'NONE', '402888ac55c9abb00155c9bf4c4d0013');
INSERT INTO `alone_dictionary_type` VALUES ('201607091123', '201607111614', '40288b854a329988014a329a12f30002', '系统管理员', '1', '初中', '', '4', '402888ac55cd984d0155cdad81b30000', '402888ac55cd984d0155cdae2b170002', '4', 'NONE', '402888ac55cd984d0155cdae2b170002');
INSERT INTO `alone_dictionary_type` VALUES ('201607091123', '201607111615', '40288b854a329988014a329a12f30002', '系统管理员', '1', '高中', '', '8', '402888ac55cd984d0155cdad81b30000', '402888ac55cd984d0155cdae47870003', '8', 'NONE', '402888ac55cd984d0155cdae47870003');
INSERT INTO `alone_dictionary_type` VALUES ('201607091123', '201607111615', '40288b854a329988014a329a12f30002', '系统管理员', '1', '大专', '', '12', '402888ac55cd984d0155cdad81b30000', '402888ac55cd984d0155cdaece680004', '12', 'NONE', '402888ac55cd984d0155cdaece680004');
INSERT INTO `alone_dictionary_type` VALUES ('201607091124', '201607111615', '40288b854a329988014a329a12f30002', '系统管理员', '1', '本科', '', '16', '402888ac55cd984d0155cdad81b30000', '402888ac55cd984d0155cdaee91f0005', '16', 'NONE', '402888ac55cd984d0155cdaee91f0005');
INSERT INTO `alone_dictionary_type` VALUES ('201607091124', '201607091124', '40288b854a329988014a329a12f30002', '40288b854a329988014a329a12f30002', '1', '是', '', '1', '402888ac55cd984d0155cdadd46f0001', '402888ac55cd984d0155cdaf36510006', '1', 'NONE', '402888ac55cd984d0155cdaf36510006');
INSERT INTO `alone_dictionary_type` VALUES ('201607091124', '201607091124', '40288b854a329988014a329a12f30002', '40288b854a329988014a329a12f30002', '1', '否', '', '2', '402888ac55cd984d0155cdadd46f0001', '402888ac55cd984d0155cdaf50df0007', '2', 'NONE', '402888ac55cd984d0155cdaf50df0007');
INSERT INTO `alone_dictionary_type` VALUES ('201607091503', '201607091503', '40288b854a329988014a329a12f30002', '40288b854a329988014a329a12f30002', '1', '1000以下', '', '1', '402888ac55ce66e90155ce77871a0003', '402888ac55ce66e90155ce782f610004', '1', 'NONE', '402888ac55ce66e90155ce782f610004');
INSERT INTO `alone_dictionary_type` VALUES ('201607091504', '201607091504', '40288b854a329988014a329a12f30002', '40288b854a329988014a329a12f30002', '1', '2000~3000', '', '2', '402888ac55ce66e90155ce77871a0003', '402888ac55ce66e90155ce785c810005', '2', 'NONE', '402888ac55ce66e90155ce785c810005');
INSERT INTO `alone_dictionary_type` VALUES ('201607091504', '201607091504', '40288b854a329988014a329a12f30002', '40288b854a329988014a329a12f30002', '1', '3000~4000', '', '3', '402888ac55ce66e90155ce77871a0003', '402888ac55ce66e90155ce787e660006', '3', 'NONE', '402888ac55ce66e90155ce787e660006');
INSERT INTO `alone_dictionary_type` VALUES ('201607091504', '201607091504', '40288b854a329988014a329a12f30002', '40288b854a329988014a329a12f30002', '1', '4000~5000', '', '4', '402888ac55ce66e90155ce77871a0003', '402888ac55ce66e90155ce78b94b0007', '4', 'NONE', '402888ac55ce66e90155ce78b94b0007');
INSERT INTO `alone_dictionary_type` VALUES ('201607091504', '201607091504', '40288b854a329988014a329a12f30002', '40288b854a329988014a329a12f30002', '1', '5000~7000', '', '5', '402888ac55ce66e90155ce77871a0003', '402888ac55ce66e90155ce7901780008', '5', 'NONE', '402888ac55ce66e90155ce7901780008');
INSERT INTO `alone_dictionary_type` VALUES ('201607091505', '201607091505', '40288b854a329988014a329a12f30002', '40288b854a329988014a329a12f30002', '1', '7000~9000', '', '7', '402888ac55ce66e90155ce77871a0003', '402888ac55ce66e90155ce799aaa0009', '7', 'NONE', '402888ac55ce66e90155ce799aaa0009');
INSERT INTO `alone_dictionary_type` VALUES ('201607091505', '201607091505', '40288b854a329988014a329a12f30002', '40288b854a329988014a329a12f30002', '1', '10000~15000', '', '10', '402888ac55ce66e90155ce77871a0003', '402888ac55ce66e90155ce79cfb1000a', '10', 'NONE', '402888ac55ce66e90155ce79cfb1000a');
INSERT INTO `alone_dictionary_type` VALUES ('201607091505', '201607091505', '40288b854a329988014a329a12f30002', '40288b854a329988014a329a12f30002', '1', '15000~以上', '', '15', '402888ac55ce66e90155ce77871a0003', '402888ac55ce66e90155ce7a22be000b', '15', 'NONE', '402888ac55ce66e90155ce7a22be000b');
INSERT INTO `alone_dictionary_type` VALUES ('201607091506', '201607091506', '40288b854a329988014a329a12f30002', '40288b854a329988014a329a12f30002', '1', 'IT', '', '1', '402888ac55ce66e90155ce7702aa0000', '402888ac55ce66e90155ce7ae4ba000c', '1', 'NONE', '402888ac55ce66e90155ce7ae4ba000c');
INSERT INTO `alone_dictionary_type` VALUES ('201607091507', '201607091507', '40288b854a329988014a329a12f30002', '40288b854a329988014a329a12f30002', '1', '房地产/建筑/建材/工程', '', '2', '402888ac55ce66e90155ce7702aa0000', '402888ac55ce66e90155ce7b2db1000d', '2', 'NONE', '402888ac55ce66e90155ce7b2db1000d');
INSERT INTO `alone_dictionary_type` VALUES ('201607091507', '201607091507', '40288b854a329988014a329a12f30002', '40288b854a329988014a329a12f30002', '1', '耐用消费品（服饰/纺织/皮革/家具/家电）', '', '3', '402888ac55ce66e90155ce7702aa0000', '402888ac55ce66e90155ce7ba0c2000e', '3', 'NONE', '402888ac55ce66e90155ce7ba0c2000e');
INSERT INTO `alone_dictionary_type` VALUES ('201607091507', '201607091507', '40288b854a329988014a329a12f30002', '40288b854a329988014a329a12f30002', '1', '医药/生物工程', '', '4', '402888ac55ce66e90155ce7702aa0000', '402888ac55ce66e90155ce7bcbb7000f', '4', 'NONE', '402888ac55ce66e90155ce7bcbb7000f');
INSERT INTO `alone_dictionary_type` VALUES ('201607091508', '201607091508', '40288b854a329988014a329a12f30002', '40288b854a329988014a329a12f30002', '1', '广告/会展/公关', '', '5', '402888ac55ce66e90155ce7702aa0000', '402888ac55ce66e90155ce7c03ac0010', '5', 'NONE', '402888ac55ce66e90155ce7c03ac0010');
INSERT INTO `alone_dictionary_type` VALUES ('201607091508', '201607091508', '40288b854a329988014a329a12f30002', '40288b854a329988014a329a12f30002', '1', '其它', '', '99', '402888ac55ce66e90155ce7702aa0000', '402888ac55ce66e90155ce7c2b450011', '99', 'NONE', '402888ac55ce66e90155ce7c2b450011');
INSERT INTO `alone_dictionary_type` VALUES ('201607091508', '201607091509', '40288b854a329988014a329a12f30002', '系统管理员', '1', '国企|央企', '', '1', '402888ac55ce66e90155ce7736ed0001', '402888ac55ce66e90155ce7cd0df0012', '1', 'NONE', '402888ac55ce66e90155ce7cd0df0012');
INSERT INTO `alone_dictionary_type` VALUES ('201607091509', '201607091509', '40288b854a329988014a329a12f30002', '40288b854a329988014a329a12f30002', '1', '私企', '', '2', '402888ac55ce66e90155ce7736ed0001', '402888ac55ce66e90155ce7cedec0013', '2', 'NONE', '402888ac55ce66e90155ce7cedec0013');
INSERT INTO `alone_dictionary_type` VALUES ('201607091509', '201607091509', '40288b854a329988014a329a12f30002', '40288b854a329988014a329a12f30002', '1', '外企', '', '3', '402888ac55ce66e90155ce7736ed0001', '402888ac55ce66e90155ce7d0cb70014', '3', 'NONE', '402888ac55ce66e90155ce7d0cb70014');
INSERT INTO `alone_dictionary_type` VALUES ('201607091509', '201607091509', '40288b854a329988014a329a12f30002', '40288b854a329988014a329a12f30002', '1', '其它', '', '99', '402888ac55ce66e90155ce7736ed0001', '402888ac55ce66e90155ce7d29d30015', '99', 'NONE', '402888ac55ce66e90155ce7d29d30015');
INSERT INTO `alone_dictionary_type` VALUES ('201607091510', '201607091510', '40288b854a329988014a329a12f30002', '40288b854a329988014a329a12f30002', '1', '20人以下', '', '1', '402888ac55ce66e90155ce7761670002', '402888ac55ce66e90155ce7e0d600016', '1', 'NONE', '402888ac55ce66e90155ce7e0d600016');
INSERT INTO `alone_dictionary_type` VALUES ('201607091510', '201607091510', '40288b854a329988014a329a12f30002', '40288b854a329988014a329a12f30002', '1', '20~100', '', '2', '402888ac55ce66e90155ce7761670002', '402888ac55ce66e90155ce7e86560017', '2', 'NONE', '402888ac55ce66e90155ce7e86560017');
INSERT INTO `alone_dictionary_type` VALUES ('201607091510', '201607091510', '40288b854a329988014a329a12f30002', '40288b854a329988014a329a12f30002', '1', '100~500', '', '3', '402888ac55ce66e90155ce7761670002', '402888ac55ce66e90155ce7eab010018', '3', 'NONE', '402888ac55ce66e90155ce7eab010018');
INSERT INTO `alone_dictionary_type` VALUES ('201607091511', '201607091511', '40288b854a329988014a329a12f30002', '40288b854a329988014a329a12f30002', '1', '500~1000', '', '4', '402888ac55ce66e90155ce7761670002', '402888ac55ce66e90155ce7ed1820019', '4', 'NONE', '402888ac55ce66e90155ce7ed1820019');
INSERT INTO `alone_dictionary_type` VALUES ('201607091511', '201607091511', '40288b854a329988014a329a12f30002', '40288b854a329988014a329a12f30002', '1', '1000~5000', '', '5', '402888ac55ce66e90155ce7761670002', '402888ac55ce66e90155ce7f12b3001a', '5', 'NONE', '402888ac55ce66e90155ce7f12b3001a');
INSERT INTO `alone_dictionary_type` VALUES ('201607091511', '201607091511', '40288b854a329988014a329a12f30002', '40288b854a329988014a329a12f30002', '1', '5000~10000', '', '6', '402888ac55ce66e90155ce7761670002', '402888ac55ce66e90155ce7f3891001b', '6', 'NONE', '402888ac55ce66e90155ce7f3891001b');
INSERT INTO `alone_dictionary_type` VALUES ('201607091511', '201607091511', '40288b854a329988014a329a12f30002', '40288b854a329988014a329a12f30002', '1', '10000人以上', '', '7', '402888ac55ce66e90155ce7761670002', '402888ac55ce66e90155ce7f6e2d001c', '7', 'NONE', '402888ac55ce66e90155ce7f6e2d001c');
INSERT INTO `alone_dictionary_type` VALUES ('201607101535', '201607101535', '40288b854a329988014a329a12f30002', '40288b854a329988014a329a12f30002', '1', '父母', '', '1', '402888ac55d3b5ef0155d3baf3ac0000', '402888ac55d3b5ef0155d3bb31b20001', '1', 'NONE', '402888ac55d3b5ef0155d3bb31b20001');
INSERT INTO `alone_dictionary_type` VALUES ('201607101535', '201607101535', '40288b854a329988014a329a12f30002', '40288b854a329988014a329a12f30002', '1', '兄弟姐妹', '', '2', '402888ac55d3b5ef0155d3baf3ac0000', '402888ac55d3b5ef0155d3bb6ad90002', '2', 'NONE', '402888ac55d3b5ef0155d3bb6ad90002');
INSERT INTO `alone_dictionary_type` VALUES ('201607101535', '201607101535', '40288b854a329988014a329a12f30002', '40288b854a329988014a329a12f30002', '1', '子女', '', '3', '402888ac55d3b5ef0155d3baf3ac0000', '402888ac55d3b5ef0155d3bb9db50003', '3', 'NONE', '402888ac55d3b5ef0155d3bb9db50003');
INSERT INTO `alone_dictionary_type` VALUES ('201607101535', '201607101535', '40288b854a329988014a329a12f30002', '系统管理员', '1', '其他', '', '99', '402888ac55d3b5ef0155d3baf3ac0000', '402888ac55d3b5ef0155d3bbb90d0004', '99', 'NONE', '402888ac55d3b5ef0155d3bbb90d0004');
INSERT INTO `alone_dictionary_type` VALUES ('201607111614', '201607111614', '40288b854a329988014a329a12f30002', '40288b854a329988014a329a12f30002', '1', '研究生', '', '5', '402888ac55cd984d0155cdad81b30000', '402888ac55d8bcbe0155d90576510002', '5', 'NONE', '402888ac55d8bcbe0155d90576510002');
INSERT INTO `alone_dictionary_type` VALUES ('201607111614', '201607111614', '40288b854a329988014a329a12f30002', '40288b854a329988014a329a12f30002', '1', '博士生', '', '20', '402888ac55cd984d0155cdad81b30000', '402888ac55d8bcbe0155d905cfb50003', '20', 'NONE', '402888ac55d8bcbe0155d905cfb50003');
INSERT INTO `alone_dictionary_type` VALUES ('201410301617', '201410301617', '12312323123123', '12312323123123', '1', '前台', '', 'HOME', '402894ca49600f600149602141820000', '402894ca49600f6001496021a7020001', '1', 'NONE', '402894ca49600f6001496021a7020001');
INSERT INTO `alone_dictionary_type` VALUES ('201501121545', '201501121545', '40288b854a329988014a329a12f30002', '40288b854a329988014a329a12f30002', '1', '日程', '', '日程', '402894ca4add11f6014add1ad9cd000e', '402894ca4add11f6014add1b1c25000f', '1', 'NONE', '402894ca4add11f6014add1b1c25000f');
INSERT INTO `alone_dictionary_type` VALUES ('201501121545', '201501121545', '40288b854a329988014a329a12f30002', '40288b854a329988014a329a12f30002', '1', '错误修复', '', '错误修复', '402894ca4add11f6014add1ad9cd000e', '402894ca4add11f6014add1b42c80010', '2', 'NONE', '402894ca4add11f6014add1b42c80010');

-- ----------------------------
-- Table structure for alone_parameter
-- ----------------------------
DROP TABLE IF EXISTS `alone_parameter`;
CREATE TABLE `alone_parameter` (
  `ID` varchar(32) NOT NULL,
  `CTIME` varchar(12) NOT NULL,
  `UTIME` varchar(12) NOT NULL,
  `CUSER` varchar(32) NOT NULL,
  `MUSER` varchar(32) NOT NULL,
  `NAME` varchar(128) NOT NULL,
  `STATE` char(1) NOT NULL,
  `PKEY` varchar(64) NOT NULL,
  `PVALUE` varchar(2048) NOT NULL,
  `RULES` varchar(256) DEFAULT NULL,
  `DOMAIN` varchar(64) DEFAULT NULL,
  `COMMENTS` varchar(256) DEFAULT NULL,
  `VTYPE` char(1) NOT NULL COMMENT ' 文本：1 枚举：2',
  `USERABLE` varchar(1) NOT NULL COMMENT '0否，1是',
  PRIMARY KEY (`ID`)
) ENGINE=MyISAM DEFAULT CHARSET=utf8 COMMENT='InnoDB free: 12288 kB; InnoDB free: 12288 kB alone_parameter';

-- ----------------------------
-- Records of alone_parameter
-- ----------------------------

-- ----------------------------
-- Table structure for alone_parameter_local
-- ----------------------------
DROP TABLE IF EXISTS `alone_parameter_local`;
CREATE TABLE `alone_parameter_local` (
  `ID` varchar(32) NOT NULL,
  `PARAMETERID` varchar(32) NOT NULL,
  `EUSER` varchar(32) NOT NULL,
  `PVALUE` varchar(2048) NOT NULL,
  PRIMARY KEY (`ID`),
  KEY `FK_Reference_50` (`PARAMETERID`)
) ENGINE=MyISAM DEFAULT CHARSET=utf8;

-- ----------------------------
-- Records of alone_parameter_local
-- ----------------------------

-- ----------------------------
-- Table structure for farm_doc
-- ----------------------------
DROP TABLE IF EXISTS `farm_doc`;
CREATE TABLE `farm_doc` (
  `TITLE` varchar(256) NOT NULL,
  `DOCDESCRIBE` varchar(256) DEFAULT NULL,
  `AUTHOR` varchar(64) DEFAULT NULL,
  `PUBTIME` varchar(14) NOT NULL,
  `DOMTYPE` varchar(2) NOT NULL COMMENT '1.HTML文档，2.txt，3html站点',
  `SHORTTITLE` varchar(64) DEFAULT NULL,
  `TAGKEY` varchar(1024) DEFAULT NULL,
  `SOURCE` varchar(256) DEFAULT NULL,
  `TOPLEVE` int(11) DEFAULT NULL,
  `IMGID` varchar(32) DEFAULT NULL,
  `STATE` varchar(2) NOT NULL COMMENT '1开放、0禁用、2待审核',
  `ID` varchar(32) NOT NULL,
  `CTIME` varchar(16) NOT NULL,
  `ETIME` varchar(16) NOT NULL,
  `CUSERNAME` varchar(64) NOT NULL,
  `CUSER` varchar(32) NOT NULL,
  `EUSERNAME` varchar(64) NOT NULL,
  `EUSER` varchar(32) NOT NULL,
  `PCONTENT` varchar(128) DEFAULT NULL,
  `TEXTID` varchar(32) NOT NULL,
  `WRITEPOP` varchar(2) NOT NULL COMMENT '1公开、0本人、2小组、3禁止编辑',
  `READPOP` varchar(2) NOT NULL COMMENT '1公开、0本人、2小组、3禁用查看',
  `RUNINFOID` varchar(32) NOT NULL,
  `DOCGROUPID` varchar(32) DEFAULT NULL,
  `VIDEOID` varchar(32) DEFAULT NULL,
  PRIMARY KEY (`ID`),
  KEY `FK_Reference_13` (`IMGID`),
  KEY `FK_Reference_16` (`RUNINFOID`),
  KEY `FK_Reference_20` (`DOCGROUPID`),
  CONSTRAINT `FK_Reference_13` FOREIGN KEY (`IMGID`) REFERENCES `farm_docfile` (`ID`),
  CONSTRAINT `FK_Reference_16` FOREIGN KEY (`RUNINFOID`) REFERENCES `farm_docruninfo` (`ID`),
  CONSTRAINT `FK_Reference_20` FOREIGN KEY (`DOCGROUPID`) REFERENCES `farm_docgroup` (`ID`)
) ENGINE=InnoDB DEFAULT CHARSET=utf8;

-- ----------------------------
-- Records of farm_doc
-- ----------------------------
INSERT INTO `farm_doc` VALUES ('1111', '我我我我我我我我我我我我我我我我我我我我我我我我我我我我我我我我我我我我我我我我我我我我我我我我我我我我我我我我我我我我我我我我', '系统管理员', '20170510021106', '1', null, '猫', null, null, '402880ea5c11f7af015c11f90a220005', '1', '402880ea5bee66b0015bee6852f30003', '20170510021106', '20170516235600', '系统管理员', '40288b854a329988014a329a12f30002', '系统管理员', '40288b854a329988014a329a12f30002', null, '402880ea5bee66b0015bee6852f10002', '0', '1', '402880ea5bee66b0015bee6852f10001', null, null);
INSERT INTO `farm_doc` VALUES ('20120819131342_PJQR4.thumb.600_0.jpeg', '哇哇哇哇哇哇哇', '系统管理员', '20170510022805', '5', null, '', null, null, null, '1', '402880ea5bee6c8f015bee77dfef0004', '20170510022805', '20170516234336', '系统管理员', '40288b854a329988014a329a12f30002', '系统管理员', '40288b854a329988014a329a12f30002', null, '402880ea5bee6c8f015bee77dfea0003', '0', '1', '402880ea5bee6c8f015bee77dfea0002', null, null);
INSERT INTO `farm_doc` VALUES ('2017 02 01', '啊撒旦撒旦撒旦', '系统管理员', '20170510204114', '1', null, '撒旦', null, null, null, '1', '402880ea5bf258be015bf260af7a0003', '20170510204114', '20170510204114', '系统管理员', '40288b854a329988014a329a12f30002', '系统管理员', '40288b854a329988014a329a12f30002', null, '402880ea5bf258be015bf260af740002', '0', '1', '402880ea5bf258be015bf260af740001', null, null);
INSERT INTO `farm_doc` VALUES ('安全守则', 'abcdefghijklmnopqrstuvwxvz', 'www', '20170511194708', '1', null, '字母', null, null, '402880ea5c11f7af015c11f7f9120000', '1', '402880ea5bf7504c015bf75585470002', '20170511194708', '20170520062447', 'www', '402880ea5bf2c05d015bf32e0e700007', 'www', '402880ea5bf2c05d015bf32e0e700007', null, '402880ea5bf7504c015bf75585470001', '0', '1', '402880ea5bf7504c015bf755853b0000', null, '402880ea5c21f8c3015c22d00b31000d');
INSERT INTO `farm_doc` VALUES ('如何', '如何成为神一样的存在啊啊啊啊啊啊啊啊啊啊啊啊啊啊啊啊啊啊啊啊啊啊啊啊啊啊如何成为魔鬼奥术大师多撒大奥所大所大所大所大所多撒大所呵呵呵哒trfjkads7tasygudkhasuildhas;dhasj;dlasj;daskd;askdkasl考的；阿萨德哈', 'yh', '20170511224522', '1', null, ',啊啊,啊啊啊,静安,静安寺,殴打,如何,上来,成为,呵呵,来看', null, null, null, '1', '402880ea5bf7504c015bf7f8b2770010', '20170511224522', '20170511224522', 'yh', '402880ea5bf2c05d015bf34716c80011', 'yh', '402880ea5bf2c05d015bf34716c80011', null, '402880ea5bf7504c015bf7f8b260000f', '0', '1', '402880ea5bf7504c015bf7f8b260000e', null, null);
INSERT INTO `farm_doc` VALUES ('WCP知识管理系统v3.2.5(免费版)', '本版本为免费版本，非开源版本功能简介WCP是一套BS架构的知识管理系统、知识库系统，通过在服务器端进行部署后，可在客户端通过浏览器进行访问，亦可通过移动端浏览器访问。它能提供团队知识库建设的一整套功能，从知识创建、知识更新、知识推送、全文检索、在线offi', '系统管理员', '20170514214919', '1', null, ',知识,功能,进行,版本,使用,系统,通过,开源,部署,提供', null, null, null, '1', '402880ea5c04d3ca015c073876e50003', '20170514214919', '20170515002634', '系统管理员', '40288b854a329988014a329a12f30002', '系统管理员', '40288b854a329988014a329a12f30002', null, '402880ea5c04d3ca015c073876d30002', '0', '1', '402880ea5c04d3ca015c073876d30001', null, null);
INSERT INTO `farm_doc` VALUES ('测试', '1.是不是说什么啊啊啊啊啊啊啊啊啊啊啊啊啊啊啊啊啊啊啊啊啊啊啊啊啊啊啊啊啊啊啊啊啊啊啊啊啊啊啊啊啊啊啊啊啊啊啊啊啊啊啊啊啊啊啊啊啊啊啊啊啊啊啊啊啊啊1-1什么鬼呵呵哒嗯嗯嗯嗯嗯', '系统管理员', '20170516014641', '1', null, '测试', null, null, '402880ea5c0d3561015c0d37dbc70000', '1', '402880ea5c0d3561015c0d381ff10003', '20170516014641', '20170517001414', '系统管理员', '40288b854a329988014a329a12f30002', '系统管理员', '40288b854a329988014a329a12f30002', null, '402880ea5c0d3561015c0d381ff00002', '0', '1', '402880ea5c0d3561015c0d381ff00001', null, null);
INSERT INTO `farm_doc` VALUES ('嗯嗯嗯', 'http://baishi.baidu.com/watch/6176579595113048503.html?fr=ps_ala11&amp;wd=%D6%DC%B6%FE%E7%E6+%B8%E6%B0%D7%C6%F8%C7%F2', 'weiwei', '20170519215845', '1', null, ',6176579595113048503,6176579595113048503.html,ps_ala11&amp,baishi.baidu.com,baishi', null, null, null, '1', '402880ea5c20b917015c2100e48c0002', '20170519215845', '20170519215845', 'weiwei', '40288b854a329988014a329a12f30002', 'weiwei', '40288b854a329988014a329a12f30002', null, '402880ea5c20b917015c2100e2f60001', '0', '1', '402880ea5c20b917015c2100e2d50000', null, null);
INSERT INTO `farm_doc` VALUES ('11111111', '', 'weiwei', '20170519222152', '1', null, '', null, null, '402880ea5c20b917015c21133bf20004', '1', '402880ea5c20b917015c21160c570007', '20170519222152', '20170519222152', 'weiwei', '40288b854a329988014a329a12f30002', 'weiwei', '40288b854a329988014a329a12f30002', null, '402880ea5c20b917015c21160c570006', '0', '1', '402880ea5c20b917015c21160c570005', null, null);
INSERT INTO `farm_doc` VALUES ('告白气球', '阿萨德撒多撒大所大所大', 'weiwei', '20170519233841', '1', null, '', null, null, null, '1', '402880ea5c20b917015c215c6263000d', '20170519233841', '20170519233841', 'weiwei', '40288b854a329988014a329a12f30002', 'weiwei', '40288b854a329988014a329a12f30002', null, '402880ea5c20b917015c215c6262000c', '0', '1', '402880ea5c20b917015c215c6262000b', null, null);
INSERT INTO `farm_doc` VALUES ('测试视频', '奥术大师大所', 'weiwei', '20170520005343', '1', null, ',大师,师大', null, null, null, '1', '402880ea5c21a074015c21a117d10002', '20170520005344', '20170520055545', 'weiwei', '40288b854a329988014a329a12f30002', 'weiwei', '40288b854a329988014a329a12f30002', null, '402880ea5c21a074015c21a115d90001', '0', '1', '402880ea5c21a074015c21a115c70000', null, '402880ea5c21f8c3015c22b556db0006');
INSERT INTO `farm_doc` VALUES ('告白气球（测试）', '这是告白气球视频测试哦·。·。·。·。·。·。。·', 'weiwei', '20170520010933', '1', null, ',告白,气球,视频,测试,这是', null, null, null, '1', '402880ea5c21a38b015c21af912d0003', '20170520010933', '20170520023051', 'weiwei', '40288b854a329988014a329a12f30002', 'weiwei', '40288b854a329988014a329a12f30002', null, '402880ea5c21a38b015c21af91290002', '0', '1', '402880ea5c21a38b015c21af91290001', null, '402880ea5c21f8c3015c21f9ccac0002');
INSERT INTO `farm_doc` VALUES ('1212121', '212121', 'weiwei', '20170520021326', '1', null, ',212121', null, null, null, '1', '402880ea5c21e84c015c21ea0e410002', '20170520021326', '20170520021326', 'weiwei', '40288b854a329988014a329a12f30002', 'weiwei', '40288b854a329988014a329a12f30002', null, '402880ea5c21e84c015c21ea0e3d0001', '0', '1', '402880ea5c21e84c015c21ea0e320000', null, '');
INSERT INTO `farm_doc` VALUES ('猜数字', '一般十个人以上玩，主持人出数字，下方猜。主持人在手机或电脑上写下在1-100之间随便1个数字，不能让猜得人知道。其他的人就可以开始猜。猜中的有惩罚，如：真心话…………看范例吧。1-100中随机产生一个数字，如：56每个人开始猜猜数字，如：A说:30主持人说', 'weiwei', '20170520062307', '1', null, '猜,幸运', null, null, null, '1', '402880ea5c21f8c3015c22cea89c000a', '20170520062307', '20170520062307', 'weiwei', '40288b854a329988014a329a12f30002', 'weiwei', '40288b854a329988014a329a12f30002', null, '402880ea5c21f8c3015c22cea89b0009', '0', '1', '402880ea5c21f8c3015c22cea89b0008', null, '');
INSERT INTO `farm_doc` VALUES ('枕头大战', '按时间达拉斯；短时；来得及爱上；来得及爱上多了；卡时间的；拉升阶段；拉升阶段；卡死了大家安利；圣诞节爱丽丝；大家爱死了；大家爱死了大家散了；大家爱死了；打开就爱上了；大家爱死了；打死了；大家爱死了；大家爱死了；短时；鲁大师讲道理；撒吴伟最贱', 'weiwei', '20170518230946', '1', null, ',大家,死了,爱死,爱上,来得及,升阶,时间,来得,拉升,短时', null, null, null, '1', '402883af5c1c1a73015c1c1b8fa90002', '20170518230947', '20170518231339', 'weiwei', '40288b854a329988014a329a12f30002', 'weiwei', '40288b854a329988014a329a12f30002', null, '402883af5c1c1a73015c1c1b8dab0001', '0', '1', '402883af5c1c1a73015c1c1b8d9d0000', null, null);
INSERT INTO `farm_doc` VALUES ('asdfasdf', 'asdf', '系统管理员', '20160718113220', '1', null, '', null, null, null, '1', '402888ac55fc0e8e0155fc0fca2a0004', '20160718113221', '20160718113221', '系统管理员', '40288b854a329988014a329a12f30002', '系统管理员', '40288b854a329988014a329a12f30002', null, '402888ac55fc0e8e0155fc0fc9550003', '0', '1', '402888ac55fc0e8e0155fc0fc9550002', null, null);

-- ----------------------------
-- Table structure for farm_docenjoy
-- ----------------------------
DROP TABLE IF EXISTS `farm_docenjoy`;
CREATE TABLE `farm_docenjoy` (
  `ID` varchar(32) NOT NULL,
  `DOCID` varchar(32) NOT NULL,
  `USERID` varchar(32) NOT NULL,
  PRIMARY KEY (`ID`),
  KEY `FK_Reference_17` (`DOCID`),
  CONSTRAINT `FK_Reference_17` FOREIGN KEY (`DOCID`) REFERENCES `farm_doc` (`ID`)
) ENGINE=InnoDB DEFAULT CHARSET=utf8;

-- ----------------------------
-- Records of farm_docenjoy
-- ----------------------------

-- ----------------------------
-- Table structure for farm_docfile
-- ----------------------------
DROP TABLE IF EXISTS `farm_docfile`;
CREATE TABLE `farm_docfile` (
  `DIR` varchar(256) NOT NULL,
  `SERVERID` varchar(32) NOT NULL,
  `TYPE` varchar(2) NOT NULL COMMENT '1图片',
  `NAME` varchar(64) NOT NULL,
  `EXNAME` varchar(16) NOT NULL,
  `LEN` float NOT NULL,
  `FILENAME` varchar(64) NOT NULL,
  `ID` varchar(32) NOT NULL,
  `CTIME` varchar(16) NOT NULL,
  `ETIME` varchar(16) NOT NULL,
  `CUSERNAME` varchar(64) NOT NULL,
  `CUSER` varchar(32) NOT NULL,
  `EUSERNAME` varchar(64) NOT NULL,
  `EUSER` varchar(32) NOT NULL,
  `PCONTENT` varchar(128) DEFAULT NULL,
  `PSTATE` varchar(2) NOT NULL COMMENT '1正常、0临时',
  PRIMARY KEY (`ID`)
) ENGINE=InnoDB DEFAULT CHARSET=utf8;

-- ----------------------------
-- Records of farm_docfile
-- ----------------------------
INSERT INTO `farm_docfile` VALUES ('\\2017\\05\\10\\02\\', 'f275b4bc230a4b809558f6d99e6ea23b', '1', '20120819131342_PJQR4.thumb.600_0.jpeg', '.jpeg', '33540', 'upload_e831bd94_c579_458c_848d_3d1968064b80_00000001.tmp', '402880ea5bee66b0015bee680d4b0000', '20170510021048', '20170516235600', '系统管理员', '40288b854a329988014a329a12f30002', '系统管理员', '40288b854a329988014a329a12f30002', null, '1');
INSERT INTO `farm_docfile` VALUES ('\\2017\\05\\10\\02\\', 'b3adb18295ad4cdd8747a159d27f8b84', '1', '20120819131342_PJQR4.thumb.600_0.jpeg', '.jpeg', '33540', 'upload_5c67826d_2dc1_43d6_9058_4e65f7c64435_00000000.tmp', '402880ea5bee6c8f015bee77911d0000', '20170510022745', '20170510022745', '系统管理员', '40288b854a329988014a329a12f30002', '系统管理员', '40288b854a329988014a329a12f30002', null, '0');
INSERT INTO `farm_docfile` VALUES ('\\2017\\05\\10\\02\\', '587e2e720d8443a39afd1c16628fb6bd', '1', '20120819131342_PJQR4.thumb.600_0.jpeg', '.jpeg', '33540', 'upload_5c67826d_2dc1_43d6_9058_4e65f7c64435_00000001.tmp', '402880ea5bee6c8f015bee779d4a0001', '20170510022748', '20170516234336', '系统管理员', '40288b854a329988014a329a12f30002', '系统管理员', '40288b854a329988014a329a12f30002', null, '1');
INSERT INTO `farm_docfile` VALUES ('\\2017\\05\\10\\02\\', '682efb7fe3554a1ab237059a9ca67844', '1', '20120819131342_PJQR4.thumb.600_0.jpeg', '.jpeg', '33540', 'upload_bf625c2f_8618_499d_b1ec_825f5a50d1e1_00000000.tmp', '402880ea5bee79c9015bee7a0ba30000', '20170510023027', '20170510023027', '系统管理员', '40288b854a329988014a329a12f30002', '系统管理员', '40288b854a329988014a329a12f30002', null, '0');
INSERT INTO `farm_docfile` VALUES ('\\2017\\05\\11\\00\\', 'f9da32e8c9fd43dfa192f33ee5f62cd3', '1', '20120819131342_PJQR4.thumb.600_0.jpeg', '.jpeg', '33540', 'upload_8a4b13df_c39e_4853_bc1b_01ec9d9c12c7_00000000.tmp', '402880ea5bf2c05d015bf32e0b180006', '20170511002532', '20170511002532', 'none', 'none', 'none', 'none', null, '0');
INSERT INTO `farm_docfile` VALUES ('\\2017\\05\\11\\00\\', 'c8b87730b2784d13996800cc25a4b9ba', '1', '20120819131342_PJQR4.thumb.600_0.jpeg', '.jpeg', '33540', 'upload_8a4b13df_c39e_4853_bc1b_01ec9d9c12c7_00000001.tmp', '402880ea5bf2c05d015bf333aa81000a', '20170511003141', '20170511003141', '系统管理员', '40288b854a329988014a329a12f30002', '系统管理员', '40288b854a329988014a329a12f30002', null, '0');
INSERT INTO `farm_docfile` VALUES ('\\2017\\05\\11\\22\\', '7a85dc7458234f4e8c84964b013318bd', '0', '18bf23ce-15b1-4db4-934b-1f23593fd4b1.png', 'png', '12429', '18bf23ce-15b1-4db4-934b-1f23593fd4b1.tmp', '402880ea5bf7504c015bf7e74b3f0004', '20170511222622', '20170511222622', 'NONE', 'NONE', 'NONE', 'NONE', 'http://localhost:8080/wcp//text/img/yqlxb-logo.png', '0');
INSERT INTO `farm_docfile` VALUES ('\\2017\\05\\14\\21\\', 'fd934100751d4bf1a94b72b5accb6439', '1', 'osband.png', '.png', '336653', 'upload_b785e657_4be6_4c09_90cc_2449b38192c4_00000001.tmp', '402880ea5c04d3ca015c0737bde10000', '20170514214832', '20170515002635', '系统管理员', '40288b854a329988014a329a12f30002', '系统管理员', '40288b854a329988014a329a12f30002', null, '1');
INSERT INTO `farm_docfile` VALUES ('\\2017\\05\\14\\22\\', '0b9fd0a114ec4013b01e8d16d3250399', '1', 'osband.png', '.png', '336653', 'upload_058663c7_1ae0_494f_86a6_6a364b295871_00000000.tmp', '402880ea5c075ed2015c075fece90000', '20170514223226', '20170514223226', '系统管理员', '40288b854a329988014a329a12f30002', '系统管理员', '40288b854a329988014a329a12f30002', null, '0');
INSERT INTO `farm_docfile` VALUES ('\\2017\\05\\15\\00\\', '9ceafe00d1854eb6a2735d0560205a22', '1', 'osband.png', '.png', '336653', 'upload_2154b369_072a_4414_9f87_a2657d42281e_00000000.tmp', '402880ea5c077af5015c07d711910003', '20170515004234', '20170515004234', '系统管理员', '40288b854a329988014a329a12f30002', '系统管理员', '40288b854a329988014a329a12f30002', null, '0');
INSERT INTO `farm_docfile` VALUES ('\\2017\\05\\15\\02\\', '7d230db411b24346b22df5586802cdd8', '1', 'osband.png', '.png', '336653', 'upload_3f2fc592_4db0_4744_8236_88ad72e5908b_00000000.tmp', '402880ea5c081e6f015c081f6e4f0000', '20170515020136', '20170515020136', '系统管理员', '40288b854a329988014a329a12f30002', '系统管理员', '40288b854a329988014a329a12f30002', null, '0');
INSERT INTO `farm_docfile` VALUES ('\\2017\\05\\15\\02\\', 'aa9af1f4f1264b4689fa90b206d873ca', '1', 'osband.png', '.png', '336653', 'upload_d811cbe3_9c6a_472b_93b0_f4f36a893364_00000000.tmp', '402880ea5c082daf015c082f6c020000', '20170515021904', '20170515021904', '系统管理员', '40288b854a329988014a329a12f30002', '系统管理员', '40288b854a329988014a329a12f30002', null, '0');
INSERT INTO `farm_docfile` VALUES ('\\2017\\05\\15\\02\\', '1e7661eb7ed942cfb716f4ba1f7ed5fc', '1', '20120819131342_PJQR4.thumb.600_0.jpeg', '.jpeg', '33540', 'upload_d811cbe3_9c6a_472b_93b0_f4f36a893364_00000001.tmp', '402880ea5c082daf015c0843fa1b0002', '20170515024131', '20170515024131', '系统管理员', '40288b854a329988014a329a12f30002', '系统管理员', '40288b854a329988014a329a12f30002', null, '0');
INSERT INTO `farm_docfile` VALUES ('\\2017\\05\\15\\02\\', 'c835f75e4ff34224a536fbfcb8c63799', '1', 'ChMkJ1kJS8WIVB_jAANCw48k__cAAcHIAIamk0AA0Lb705.jpg', '.jpg', '213699', 'upload_d811cbe3_9c6a_472b_93b0_f4f36a893364_00000002.tmp', '402880ea5c082daf015c084cea800004', '20170515025117', '20170515025117', '系统管理员', '40288b854a329988014a329a12f30002', '系统管理员', '40288b854a329988014a329a12f30002', null, '0');
INSERT INTO `farm_docfile` VALUES ('\\2017\\05\\15\\02\\', '172d7071cbfd45dcb6ec801edef57808', '1', 'ChMkJ1kJS8OIek4ZAAGZUTcuY5wAAcHIAIA5J8AAZlp949.jpg', '.jpg', '104785', 'upload_d811cbe3_9c6a_472b_93b0_f4f36a893364_00000003.tmp', '402880ea5c082daf015c084d107e0006', '20170515025127', '20170515025127', '系统管理员', '40288b854a329988014a329a12f30002', '系统管理员', '40288b854a329988014a329a12f30002', null, '0');
INSERT INTO `farm_docfile` VALUES ('\\2017\\05\\15\\02\\', 'dc6017f42c12456683b397ce1f65f9f5', '1', 'ChMkJ1kJS8OIcz0cAALSKEWKVQsAAcHIAIKnGYAAtJA717.jpg', '.jpg', '184872', 'upload_d811cbe3_9c6a_472b_93b0_f4f36a893364_00000004.tmp', '402880ea5c082daf015c084d2f0e0008', '20170515025135', '20170515025135', '系统管理员', '40288b854a329988014a329a12f30002', '系统管理员', '40288b854a329988014a329a12f30002', null, '0');
INSERT INTO `farm_docfile` VALUES ('\\2017\\05\\16\\01\\', 'e770cc9442ef4c94bbea16b23a08dbf9', '1', 'osband.png', '.png', '336653', 'upload_b1910ab4_d1a5_4ad6_8536_aeb62c768d4c_00000001.tmp', '402880ea5c0d3561015c0d37dbc70000', '20170516014623', '20170517001414', '系统管理员', '40288b854a329988014a329a12f30002', '系统管理员', '40288b854a329988014a329a12f30002', null, '1');
INSERT INTO `farm_docfile` VALUES ('\\2017\\05\\16\\23\\', 'dcf1fa1170c54e38979be3c75aad6e77', '1', 'osband.png', '.png', '336653', 'upload_a17a34ee_8709_43fc_8399_0120a7727c86_00000001.tmp', '402880ea5c11e76a015c11eee5e50003', '20170516234448', '20170520062447', 'www', '402880ea5bf2c05d015bf32e0e700007', 'www', '402880ea5bf2c05d015bf32e0e700007', null, '1');
INSERT INTO `farm_docfile` VALUES ('\\2017\\05\\16\\23\\', 'f40e991f40854850a1be0dbe43f21cae', '1', 'osband.png', '.png', '336653', 'upload_82ff5c59_10cc_4564_b5ad_7eae831a00af_00000001.tmp', '402880ea5c11f7af015c11f7f9120000', '20170516235442', '20170520062447', 'www', '402880ea5bf2c05d015bf32e0e700007', 'www', '402880ea5bf2c05d015bf32e0e700007', null, '1');
INSERT INTO `farm_docfile` VALUES ('\\2017\\05\\16\\23\\', '2cbde9b7b9de411183615f51409e68cb', '1', 'osband.png', '.png', '336653', 'upload_82ff5c59_10cc_4564_b5ad_7eae831a00af_00000003.tmp', '402880ea5c11f7af015c11f90a220005', '20170516235552', '20170516235600', '系统管理员', '40288b854a329988014a329a12f30002', '系统管理员', '40288b854a329988014a329a12f30002', null, '1');
INSERT INTO `farm_docfile` VALUES ('\\2017\\05\\17\\15\\', '95e5df3675f941c79c4ffd24fcc60111', '1', 'osband.png', '.png', '336653', 'upload_69eac4a2_f819_4107_936f_e484b32419ff_00000000.tmp', '402880ea5c154681015c154d75030000', '20170517152656', '20170517152656', 'none', 'none', 'none', 'none', null, '0');
INSERT INTO `farm_docfile` VALUES ('\\2017\\05\\18\\02\\', '742c907eac8b47639a1147e643fc6c2f', '1', 'osband.png', '.png', '336653', 'upload_f2e7d5f9_d7de_4fdb_a149_87d24a9b47a1_00000000.tmp', '402880ea5c1699f4015c17b8599b0000', '20170518024256', '20170518024256', '系统管理员', '40288b854a329988014a329a12f30002', '系统管理员', '40288b854a329988014a329a12f30002', null, '0');
INSERT INTO `farm_docfile` VALUES ('\\2017\\05\\18\\14\\', '435c3c0a8bea44db9bdd8119598b7021', '1', 'timg (2).jpg', '.jpg', '7132', 'upload_68cac76a_5a24_4fcf_9811_81a7b51e1125_00000000.tmp', '402880ea5c1a50fb015c1a5514ce0000', '20170518145322', '20170518145322', 'none', 'none', 'none', 'none', null, '0');
INSERT INTO `farm_docfile` VALUES ('\\2017\\05\\18\\14\\', 'a90919e587d840799bf8386a8000acd1', '1', 'timg (1).jpg', '.jpg', '4201', 'upload_68cac76a_5a24_4fcf_9811_81a7b51e1125_00000001.tmp', '402880ea5c1a50fb015c1a558b850004', '20170518145352', '20170518145352', 'none', 'none', 'none', 'none', null, '0');
INSERT INTO `farm_docfile` VALUES ('\\2017\\05\\18\\14\\', '3f5e0bf38afb4ae2b564bc03d8fa1a59', '1', 'timg.jpg', '.jpg', '10577', 'upload_68cac76a_5a24_4fcf_9811_81a7b51e1125_00000002.tmp', '402880ea5c1a50fb015c1a55e0f90008', '20170518145414', '20170518145414', '系统管理员', '40288b854a329988014a329a12f30002', '系统管理员', '40288b854a329988014a329a12f30002', null, '0');
INSERT INTO `farm_docfile` VALUES ('\\2017\\05\\19\\22\\', 'd556622a22e54c898a10ffb04333aa79', '1', 'timg (1).jpg', '.jpg', '4201', 'upload_8ff31ed8_4ec5_4cc0_b8ed_33ce70a40c56_00000003.tmp', '402880ea5c20b917015c21133bf20004', '20170519221847', '20170519222152', 'weiwei', '40288b854a329988014a329a12f30002', 'weiwei', '40288b854a329988014a329a12f30002', null, '1');
INSERT INTO `farm_docfile` VALUES ('\\2017\\05\\19\\23\\', '2205f24538e443d4af489490f8c35385', '1', '告白气球—周二珂_超清.mp4', '.mp4', '4.34548e+007', 'upload_8ff31ed8_4ec5_4cc0_b8ed_33ce70a40c56_00000006.tmp', '402880ea5c20b917015c215b7f2a000a', '20170519233742', '20170519233742', 'weiwei', '40288b854a329988014a329a12f30002', 'weiwei', '40288b854a329988014a329a12f30002', null, '0');
INSERT INTO `farm_docfile` VALUES ('\\2017\\05\\20\\00\\', 'a2b3fb2682fb4859b8f85aa44d56a5ae', '1', 'movie.ogg', '.ogg', '166476', 'upload_971b8de8_cd6a_4639_bd23_c3428887eb40_00000001.tmp', '402880ea5c219364015c2198a0900001', '20170520004429', '20170520004429', 'weiwei', '40288b854a329988014a329a12f30002', 'weiwei', '40288b854a329988014a329a12f30002', null, '0');
INSERT INTO `farm_docfile` VALUES ('\\2017\\05\\20\\01\\', '4d7e6689546a497485b2fb68e0688793', '1', '告白气球—周二珂_超清.mp4', '.mp4', '4.34548e+007', 'upload_3233da67_70cc_4f97_941e_5dab23e99e0d_00000000.tmp', '402880ea5c21a38b015c21aeff7b0000', '20170520010854', '20170520010854', 'weiwei', '40288b854a329988014a329a12f30002', 'weiwei', '40288b854a329988014a329a12f30002', null, '0');
INSERT INTO `farm_docfile` VALUES ('\\2017\\05\\20\\02\\', '2d4fcb5c647b497e99021da832b8ff02', '1', 'movie.ogg', '.ogg', '166476', 'upload_c2fc4aa3_ff44_4780_9931_f8716e0f6aa9_00000000.tmp', '402880ea5c21f8c3015c21f92fe30000', '20170520022957', '20170520022957', 'weiwei', '40288b854a329988014a329a12f30002', 'weiwei', '40288b854a329988014a329a12f30002', null, '0');
INSERT INTO `farm_docfile` VALUES ('\\2017\\05\\20\\02\\', 'fc71c1c8ce9c4a22bccf38a9e74a463b', '1', '告白气球—周二珂_超清.mp4', '.mp4', '4.34548e+007', 'upload_c2fc4aa3_ff44_4780_9931_f8716e0f6aa9_00000001.tmp', '402880ea5c21f8c3015c21f9ccac0002', '20170520023037', '20170520023037', 'weiwei', '40288b854a329988014a329a12f30002', 'weiwei', '40288b854a329988014a329a12f30002', null, '0');
INSERT INTO `farm_docfile` VALUES ('\\2017\\05\\20\\02\\', '5fd6fba59e374a4991e729e72f2844ea', '1', 'Free-Converter.com-mmexport1494942049137-7324559.mp4', '.mp4', '263238', 'upload_c2fc4aa3_ff44_4780_9931_f8716e0f6aa9_00000003.tmp', '402880ea5c21f8c3015c2208ead00004', '20170520024708', '20170520024708', 'weiwei', '40288b854a329988014a329a12f30002', 'weiwei', '40288b854a329988014a329a12f30002', null, '0');
INSERT INTO `farm_docfile` VALUES ('\\2017\\05\\20\\05\\', '7cc1205714e84e70b94b6a31eaf75220', '1', 'Free-Converter.com-mmexport1494942049137-7324559.mp4', '.mp4', '263238', 'upload_c2fc4aa3_ff44_4780_9931_f8716e0f6aa9_00000004.tmp', '402880ea5c21f8c3015c22b556db0006', '20170520055528', '20170520055528', 'weiwei', '40288b854a329988014a329a12f30002', 'weiwei', '40288b854a329988014a329a12f30002', null, '0');
INSERT INTO `farm_docfile` VALUES ('\\2017\\05\\20\\06\\', '7d834bb871f5489dad0bae9fdfd7378e', '1', 'movie.ogg', '.ogg', '166476', 'upload_c2fc4aa3_ff44_4780_9931_f8716e0f6aa9_00000005.tmp', '402880ea5c21f8c3015c22d00b31000d', '20170520062438', '20170520062438', 'www', '402880ea5bf2c05d015bf32e0e700007', 'www', '402880ea5bf2c05d015bf32e0e700007', null, '0');
INSERT INTO `farm_docfile` VALUES ('\\2017\\05\\18\\23\\', '2df905cff12348019ac64f6baef64859', '1', 'ChMkJlkL7cuIOaVvAAgHaTyAOFAAAcKogGb2WsACAeB466.jpg', '.jpg', '526185', 'upload_9037d191_a74a_4ed0_91a1_4fd4dff288ac_00000000.tmp', '402883af5c1c1e87015c1c2537140001', '20170518232019', '20170518232019', 'weiwei', '40288b854a329988014a329a12f30002', 'weiwei', '40288b854a329988014a329a12f30002', null, '0');

-- ----------------------------
-- Table structure for farm_docgroup
-- ----------------------------
DROP TABLE IF EXISTS `farm_docgroup`;
CREATE TABLE `farm_docgroup` (
  `ID` varchar(32) NOT NULL,
  `CTIME` varchar(16) NOT NULL,
  `ETIME` varchar(16) NOT NULL,
  `CUSERNAME` varchar(64) NOT NULL,
  `CUSER` varchar(32) NOT NULL,
  `EUSERNAME` varchar(64) NOT NULL,
  `EUSER` varchar(32) NOT NULL,
  `PSTATE` varchar(2) NOT NULL,
  `PCONTENT` varchar(128) DEFAULT NULL,
  `GROUPNAME` varchar(128) NOT NULL,
  `GROUPNOTE` varchar(256) NOT NULL,
  `GROUPTAG` varchar(256) NOT NULL,
  `GROUPIMG` varchar(32) NOT NULL,
  `JOINCHECK` varchar(2) NOT NULL COMMENT '1是0否',
  `USERNUM` int(11) NOT NULL,
  `HOMEDOCID` varchar(32) DEFAULT NULL,
  PRIMARY KEY (`ID`)
) ENGINE=InnoDB DEFAULT CHARSET=utf8;

-- ----------------------------
-- Records of farm_docgroup
-- ----------------------------

-- ----------------------------
-- Table structure for farm_docgroup_user
-- ----------------------------
DROP TABLE IF EXISTS `farm_docgroup_user`;
CREATE TABLE `farm_docgroup_user` (
  `ID` varchar(32) NOT NULL,
  `CTIME` varchar(16) NOT NULL,
  `ETIME` varchar(16) NOT NULL,
  `CUSERNAME` varchar(64) NOT NULL,
  `CUSER` varchar(32) NOT NULL,
  `EUSERNAME` varchar(64) NOT NULL,
  `EUSER` varchar(32) NOT NULL,
  `PSTATE` varchar(2) NOT NULL COMMENT '1在用，0邀请，2删除，3申请',
  `PCONTENT` varchar(128) DEFAULT NULL,
  `GROUPID` varchar(32) NOT NULL,
  `USERID` varchar(32) NOT NULL,
  `LEADIS` varchar(2) NOT NULL COMMENT '1是0否',
  `EDITIS` varchar(2) NOT NULL COMMENT '1是0否',
  `SHOWHOME` varchar(2) NOT NULL COMMENT '1是0否',
  `SHOWSORT` int(11) NOT NULL,
  `APPLYNOTE` varchar(128) DEFAULT NULL,
  PRIMARY KEY (`ID`),
  KEY `FK_Reference_21` (`GROUPID`),
  CONSTRAINT `FK_Reference_21` FOREIGN KEY (`GROUPID`) REFERENCES `farm_docgroup` (`ID`)
) ENGINE=InnoDB DEFAULT CHARSET=utf8;

-- ----------------------------
-- Records of farm_docgroup_user
-- ----------------------------

-- ----------------------------
-- Table structure for farm_docmessage
-- ----------------------------
DROP TABLE IF EXISTS `farm_docmessage`;
CREATE TABLE `farm_docmessage` (
  `ID` varchar(32) NOT NULL,
  `CTIME` varchar(16) NOT NULL,
  `CUSER` varchar(32) NOT NULL,
  `CUSERNAME` varchar(64) NOT NULL,
  `PSTATE` varchar(2) NOT NULL,
  `PCONTENT` varchar(128) DEFAULT NULL,
  `READUSERID` varchar(32) NOT NULL,
  `CONTENT` varchar(256) NOT NULL,
  `TITLE` varchar(64) NOT NULL,
  `APPID` varchar(32) DEFAULT NULL COMMENT '业务公共会依据该ID查询自己相关的留言',
  `READSTATE` varchar(2) NOT NULL COMMENT '0未读、1已读',
  `PRAISNUM` int(11) DEFAULT NULL,
  `CRITCISMNUM` int(11) DEFAULT NULL COMMENT 'criticism',
  `PARENTID` varchar(32) DEFAULT NULL,
  `REPLYNUM` int(11) DEFAULT NULL COMMENT 'reply',
  PRIMARY KEY (`ID`),
  KEY `FK_Reference_63` (`APPID`)
) ENGINE=MyISAM DEFAULT CHARSET=utf8;

-- ----------------------------
-- Records of farm_docmessage
-- ----------------------------
INSERT INTO `farm_docmessage` VALUES ('402880ea5bc30583015bc30cd93d0000', '20170501160730', '40288b854a329988014a329a12f30002', '系统管理员', '1', '评论', 'NONE', '傻不拉叽的', '知识评论', '402888ac55fc0e8e0155fc0fca2a0004', '0', '0', '0', null, null);
INSERT INTO `farm_docmessage` VALUES ('402880ea5bf0cde6015bf1bdc0790000', '20170510174316', '40288b854a329988014a329a12f30002', '系统管理员', '1', '评论', 'NONE', 'hehe', '知识评论', '402880ea5bee66b0015bee6852f30003', '0', '0', '0', null, null);
INSERT INTO `farm_docmessage` VALUES ('402880ea5bf0cde6015bf1bf2b980001', '20170510174449', '40288b854a329988014a329a12f30002', '系统管理员', '1', '', '40288b854a329988014a329a12f30002', '12312321', '回复', '402880ea5bee66b0015bee6852f30003', '1', '0', '0', '402880ea5bf0cde6015bf1bdc0790000', null);
INSERT INTO `farm_docmessage` VALUES ('402880ea5bf0cde6015bf1c014280003', '20170510174548', '40288b854a329988014a329a12f30002', '系统管理员', '1', '', '40288b854a329988014a329a12f30002', 'ttttt', '回复', '402880ea5bee66b0015bee6852f30003', '1', '0', '0', '402880ea5bf0cde6015bf1bdc0790000', null);
INSERT INTO `farm_docmessage` VALUES ('402880ea5bf258be015bf2ae99820005', '20170510220620', '40288b854a329988014a329a12f30002', '系统管理员', '1', '', '40288b854a329988014a329a12f30002', '特特土豆', '回复', '402880ea5bee66b0015bee6852f30003', '1', '0', '0', '402880ea5bf0cde6015bf1bdc0790000', null);

-- ----------------------------
-- Table structure for farm_docruninfo
-- ----------------------------
DROP TABLE IF EXISTS `farm_docruninfo`;
CREATE TABLE `farm_docruninfo` (
  `ID` varchar(32) NOT NULL,
  `VISITNUM` int(11) NOT NULL,
  `HOTNUM` int(11) NOT NULL,
  `LASTVTIME` varchar(14) NOT NULL,
  `PRAISEYES` int(11) NOT NULL,
  `PRAISENO` int(11) NOT NULL,
  `EVALUATE` int(11) NOT NULL COMMENT '好评减去差评',
  `ANSWERINGNUM` int(11) NOT NULL,
  PRIMARY KEY (`ID`)
) ENGINE=InnoDB DEFAULT CHARSET=utf8;

-- ----------------------------
-- Records of farm_docruninfo
-- ----------------------------
INSERT INTO `farm_docruninfo` VALUES ('402880ea5bee66b0015bee6852f10001', '30', '10', '201705180307', '0', '0', '0', '4');
INSERT INTO `farm_docruninfo` VALUES ('402880ea5bee6c8f015bee77dfea0002', '9', '10', '201705200615', '0', '0', '0', '0');
INSERT INTO `farm_docruninfo` VALUES ('402880ea5bf258be015bf260af740001', '8', '11', '201705182325', '0', '0', '0', '0');
INSERT INTO `farm_docruninfo` VALUES ('402880ea5bf7504c015bf755853b0000', '18', '20', '201705200624', '1', '0', '1', '0');
INSERT INTO `farm_docruninfo` VALUES ('402880ea5bf7504c015bf7f8b260000e', '6', '10', '201705172103', '0', '0', '0', '0');
INSERT INTO `farm_docruninfo` VALUES ('402880ea5c04d3ca015c073876d30001', '8', '10', '201705200616', '0', '0', '0', '0');
INSERT INTO `farm_docruninfo` VALUES ('402880ea5c0d3561015c0d381ff00001', '12', '10', '201705172236', '1', '0', '1', '0');
INSERT INTO `farm_docruninfo` VALUES ('402880ea5c20b917015c2100e2d50000', '4', '48', '201705200552', '0', '0', '0', '0');
INSERT INTO `farm_docruninfo` VALUES ('402880ea5c20b917015c21160c570005', '5', '40', '201705200615', '0', '0', '0', '0');
INSERT INTO `farm_docruninfo` VALUES ('402880ea5c20b917015c215c6262000b', '7', '68', '201705200556', '0', '0', '0', '0');
INSERT INTO `farm_docruninfo` VALUES ('402880ea5c21a074015c21a115c70000', '10', '93', '201705200626', '0', '0', '0', '0');
INSERT INTO `farm_docruninfo` VALUES ('402880ea5c21a38b015c21af91290001', '15', '106', '201705200625', '0', '0', '0', '0');
INSERT INTO `farm_docruninfo` VALUES ('402880ea5c21e84c015c21ea0e320000', '3', '41', '201705200233', '0', '0', '0', '0');
INSERT INTO `farm_docruninfo` VALUES ('402880ea5c21f8c3015c22cea89b0008', '2', '20', '201705200626', '0', '0', '0', '0');
INSERT INTO `farm_docruninfo` VALUES ('402883af5c1c1a73015c1c1b8d9d0000', '6', '41', '201705200150', '1', '0', '1', '0');
INSERT INTO `farm_docruninfo` VALUES ('402888ac55fc0e8e0155fc0fc9550002', '7', '10', '201705172102', '1', '0', '1', '1');

-- ----------------------------
-- Table structure for farm_docruninfo_detail
-- ----------------------------
DROP TABLE IF EXISTS `farm_docruninfo_detail`;
CREATE TABLE `farm_docruninfo_detail` (
  `ID` varchar(32) NOT NULL,
  `CTIME` varchar(16) NOT NULL,
  `CUSERNAME` varchar(64) DEFAULT NULL,
  `CUSER` varchar(32) DEFAULT NULL,
  `PSTATE` varchar(2) NOT NULL,
  `PCONTENT` varchar(128) DEFAULT NULL,
  `VTYPE` varchar(2) NOT NULL COMMENT '1访问、2好评、3差评',
  `DOCTEXTID` varchar(32) NOT NULL,
  `RUNINFOID` varchar(32) NOT NULL,
  `USERIP` varchar(128) NOT NULL,
  PRIMARY KEY (`ID`),
  KEY `FK_Reference_22` (`DOCTEXTID`),
  KEY `FK_Reference_23` (`RUNINFOID`),
  CONSTRAINT `FK_Reference_22` FOREIGN KEY (`DOCTEXTID`) REFERENCES `farm_doctext` (`ID`),
  CONSTRAINT `FK_Reference_23` FOREIGN KEY (`RUNINFOID`) REFERENCES `farm_docruninfo` (`ID`)
) ENGINE=InnoDB DEFAULT CHARSET=utf8;

-- ----------------------------
-- Records of farm_docruninfo_detail
-- ----------------------------
INSERT INTO `farm_docruninfo_detail` VALUES ('402880ea5bf7504c015bf7f521d8000d', '20170511224129', '系统管理员', '40288b854a329988014a329a12f30002', '1', null, '2', '402880ea5bf7504c015bf75585470001', '402880ea5bf7504c015bf755853b0000', '0:0:0:0:0:0:0:1');
INSERT INTO `farm_docruninfo_detail` VALUES ('402880ea5c11f7af015c120bf759000f', '20170517001633', '系统管理员', '40288b854a329988014a329a12f30002', '1', null, '2', '402880ea5c0d3561015c0d381ff00002', '402880ea5c0d3561015c0d381ff00001', '192.168.0.106');
INSERT INTO `farm_docruninfo_detail` VALUES ('402880ea5c11f7af015c120d991c0010', '20170517001820', '系统管理员', '40288b854a329988014a329a12f30002', '1', null, '2', '402888ac55fc0e8e0155fc0fc9550003', '402888ac55fc0e8e0155fc0fc9550002', '192.168.0.106');
INSERT INTO `farm_docruninfo_detail` VALUES ('402880ea5c21d477015c21d5700e0002', '20170520015054', null, null, '1', null, '2', '402883af5c1c1a73015c1c1b8dab0001', '402883af5c1c1a73015c1c1b8d9d0000', '0:0:0:0:0:0:0:1');

-- ----------------------------
-- Table structure for farm_doctext
-- ----------------------------
DROP TABLE IF EXISTS `farm_doctext`;
CREATE TABLE `farm_doctext` (
  `TEXT1` longtext NOT NULL,
  `TEXT2` longtext,
  `TEXT3` longtext,
  `ID` varchar(32) NOT NULL,
  `CTIME` varchar(16) NOT NULL,
  `ETIME` varchar(16) NOT NULL,
  `CUSERNAME` varchar(64) NOT NULL,
  `CUSER` varchar(32) NOT NULL,
  `EUSERNAME` varchar(64) NOT NULL,
  `EUSER` varchar(32) NOT NULL,
  `PCONTENT` varchar(128) DEFAULT NULL,
  `PSTATE` varchar(2) NOT NULL COMMENT '1在用内容。2.版本存档3.待审核',
  `DOCID` varchar(32) DEFAULT NULL COMMENT '存档版本时记录其所对照的文档id',
  PRIMARY KEY (`ID`)
) ENGINE=InnoDB DEFAULT CHARSET=utf8;

-- ----------------------------
-- Records of farm_doctext
-- ----------------------------
INSERT INTO `farm_doctext` VALUES ('<p>\r\n	<img src=\"actionImg/Publoadfile.do?id=402880ea5c11f7af015c11f90a220005\" alt=\"\" />\r\n</p>\r\n<p>\r\n	<img src=\"actionImg/Publoadfile.do?id=402880ea5bee66b0015bee680d4b0000\" alt=\"\" /> \r\n</p>\r\n<p>\r\n	我我我我我我我我我我我我我我我我我我我我我我我我我我我我我我我我我我我我我我我我我我我我我我我我我我我我我我我我我我我我我我我我\r\n</p>', null, null, '402880ea5bee66b0015bee6852f10002', '20170516235600', '20170516235600', '系统管理员', '40288b854a329988014a329a12f30002', '系统管理员', '40288b854a329988014a329a12f30002', '图片测试', '1', null);
INSERT INTO `farm_doctext` VALUES ('哇哇哇哇哇哇哇', null, null, '402880ea5bee6c8f015bee77dfea0003', '20170516234336', '20170516234336', '系统管理员', '40288b854a329988014a329a12f30002', '系统管理员', '40288b854a329988014a329a12f30002', null, '1', null);
INSERT INTO `farm_doctext` VALUES ('啊撒旦撒旦撒旦', null, null, '402880ea5bf258be015bf260af740002', '20170510204114', '20170510204114', '系统管理员', '40288b854a329988014a329a12f30002', '系统管理员', '40288b854a329988014a329a12f30002', 'CREAT', '1', null);
INSERT INTO `farm_doctext` VALUES ('<img src=\"actionImg/Publoadfile.do?id=402880ea5c11f7af015c11f7f9120000\" alt=\"\" />abcdefghijklmnopqrstuvwxvz<img src=\"actionImg/Publoadfile.do?id=402880ea5c11e76a015c11eee5e50003\" alt=\"\" />', null, null, '402880ea5bf7504c015bf75585470001', '20170520062447', '20170520062447', 'www', '402880ea5bf2c05d015bf32e0e700007', 'www', '402880ea5bf2c05d015bf32e0e700007', '增加视频', '1', null);
INSERT INTO `farm_doctext` VALUES ('<h1>\r\n	如何成为神一样的存在\r\n</h1>\r\n<p>\r\n	啊啊啊啊啊啊啊啊啊啊啊啊啊啊啊啊啊啊啊啊啊啊啊啊啊啊\r\n</p>\r\n<h1>\r\n	如何成为魔鬼\r\n</h1>\r\n<p>\r\n	奥术大师多撒大奥所大所大所大所大所多撒大所\r\n</p>\r\n<h1>\r\n	呵呵呵哒\r\n</h1>\r\n<p>\r\n	trfjkads7tasygudkhasuildhas;dhasj;dlasj;daskd;askdkasl考的；阿萨德哈师大哈斯的骄傲搜ID静安寺殴打静安寺殴打静安寺殴打静安寺哦\r\n</p>\r\n<h1>\r\n	嗯嗯嗯呃\r\n</h1>\r\n<p>\r\n	看见爱上都会拉斯科技等哈说来的哈上来看的哈收到了卡上来看的哈杀戮空间\r\n</p>', null, null, '402880ea5bf7504c015bf7f8b260000f', '20170511224522', '20170511224522', 'yh', '402880ea5bf2c05d015bf34716c80011', 'yh', '402880ea5bf2c05d015bf34716c80011', 'CREAT', '1', null);
INSERT INTO `farm_doctext` VALUES ('<p style=\"text-align:center;\">\r\n	<img src=\"actionImg/Publoadfile.do?id=402880ea5c04d3ca015c0737bde10000\" alt=\"\" /> \r\n</p>\r\n<p>\r\n	<br />\r\n</p>\r\n<p style=\"color:#333333;font-family:arial, 宋体, sans-serif;font-size:14px;background-color:#FFFFFF;\">\r\n	<span style=\"color:black;\"><span style=\"font-size:24px;color:#E53333;\">本版本为免费版本，非开源版本</span><span style=\"font-size:24px;\"></span></span> \r\n</p>\r\n<br />\r\n<h1 style=\"font-size:24px;font-family:\" color:#333333;background-color:#ffffff;\"=\"\">\r\n		功能简介 <br />\r\n	</h1>\r\n	<p style=\"color:#333333;font-family:arial, 宋体, sans-serif;font-size:14px;background-color:#FFFFFF;\">\r\n		<br />\r\n	</p>\r\n	<p style=\"color:#333333;font-family:arial, 宋体, sans-serif;font-size:14px;background-color:#FFFFFF;\">\r\n		<span style=\"color:black;\">WCP </span><span style=\"color:black;\">是一套</span><span style=\"color:black;\">BS</span><span style=\"color:black;\">架构的知识管理系统、<span>知识库系统</span>，通过在服务器端进行部署后，可在客户端通过浏览器进行访问，亦可通过移动端浏览器访问。它能提供团队知识库建设的一整套功能，从知识创建、知识更新、知识推送、全文检索、在线office文档预览 到 知识评价等功能。</span> \r\n	</p>\r\n	<p style=\"color:#333333;font-family:arial, 宋体, sans-serif;font-size:14px;background-color:#FFFFFF;\">\r\n		<span style=\"color:black;\"><span></span><span></span><span>WCP</span></span><span style=\"color:black;\">采用java、js语言进行开发，使用了</span><span style=\"color:black;\">springMVC</span><span style=\"color:black;\">、</span><span style=\"color:black;\">spring</span><span style=\"color:black;\">、</span><span style=\"color:black;\">hibernate等</span><span style=\"color:black;\">框架实现主要架构功能，由</span><span style=\"color:black;\">lucene</span><span style=\"color:black;\">提供全文检索功能，并使用了其他若干主流开源项目。数据库管理系统默认使用</span><span style=\"color:black;\">mysql</span><span style=\"color:black;\">。可以部署在</span><span style=\"color:black;\">tomcat</span><span style=\"color:black;\">等主流中间件服务器上。</span> \r\n	</p>\r\n	<div>\r\n		<br />\r\n	</div>\r\n	<p style=\"color:#333333;font-family:arial, 宋体, sans-serif;font-size:14px;background-color:#FFFFFF;\">\r\n		<span style=\"color:black;\"></span> \r\n	</p>\r\n	<p>\r\n		<br />\r\n	</p>', null, null, '402880ea5c04d3ca015c073876d30002', '20170515002634', '20170515002634', '系统管理员', '40288b854a329988014a329a12f30002', '系统管理员', '40288b854a329988014a329a12f30002', '图片居中', '1', null);
INSERT INTO `farm_doctext` VALUES ('<p>\r\n	<img src=\"actionImg/Publoadfile.do?id=402880ea5c04d3ca015c0737bde10000\" alt=\"\" />\r\n</p>\r\n<p>\r\n	<p style=\"color:#333333;font-family:arial, 宋体, sans-serif;font-size:14px;background-color:#FFFFFF;\">\r\n		<span style=\"color:black;\"><span style=\"font-size:24px;color:#E53333;\">本版本为免费版本，非开源版本</span><span style=\"font-size:24px;\"></span></span>\r\n	</p>\r\n<br />\r\n	<h1 style=\"font-size:24px;font-family:&quot;color:#333333;background-color:#FFFFFF;\">\r\n		功能简介&nbsp;<br />\r\n	</h1>\r\n	<p style=\"color:#333333;font-family:arial, 宋体, sans-serif;font-size:14px;background-color:#FFFFFF;\">\r\n		<br />\r\n	</p>\r\n	<p style=\"color:#333333;font-family:arial, 宋体, sans-serif;font-size:14px;background-color:#FFFFFF;\">\r\n		<span style=\"color:black;\">WCP&nbsp;</span><span style=\"color:black;\">是一套</span><span style=\"color:black;\">BS</span><span style=\"color:black;\">架构的知识管理系统、<span>知识库系统</span>，通过在服务器端进行部署后，可在客户端通过浏览器进行访问，亦可通过移动端浏览器访问。它能提供团队知识库建设的一整套功能，从知识创建、知识更新、知识推送、全文检索、在线office文档预览 到 知识评价等功能。</span>\r\n	</p>\r\n	<p style=\"color:#333333;font-family:arial, 宋体, sans-serif;font-size:14px;background-color:#FFFFFF;\">\r\n		<span style=\"color:black;\"><span></span><span></span><span>WCP</span></span><span style=\"color:black;\">采用java、js语言进行开发，使用了</span><span style=\"color:black;\">springMVC</span><span style=\"color:black;\">、</span><span style=\"color:black;\">spring</span><span style=\"color:black;\">、</span><span style=\"color:black;\">hibernate等</span><span style=\"color:black;\">框架实现主要架构功能，由</span><span style=\"color:black;\">lucene</span><span style=\"color:black;\">提供全文检索功能，并使用了其他若干主流开源项目。数据库管理系统默认使用</span><span style=\"color:black;\">mysql</span><span style=\"color:black;\">。可以部署在</span><span style=\"color:black;\">tomcat</span><span style=\"color:black;\">等主流中间件服务器上。</span>\r\n	</p>\r\n	<div>\r\n		<br />\r\n	</div>\r\n	<p style=\"color:#333333;font-family:arial, 宋体, sans-serif;font-size:14px;background-color:#FFFFFF;\">\r\n		<span style=\"color:black;\"></span>\r\n	</p>\r\n</p>', null, null, '402880ea5c077af5015c07c86dbd0000', '20170514214919', '20170514214919', '系统管理员', '40288b854a329988014a329a12f30002', '系统管理员', '40288b854a329988014a329a12f30002', 'CREAT', '2', '402880ea5c04d3ca015c073876e50003');
INSERT INTO `farm_doctext` VALUES ('<h1>\r\n	1.是不是\r\n</h1>\r\n<p>\r\n	说什么啊啊啊啊啊啊啊啊啊啊啊啊啊啊啊啊啊啊啊啊啊啊啊啊啊啊啊啊啊啊啊啊啊啊啊啊啊啊啊啊啊啊啊啊啊啊啊啊啊啊啊啊啊啊啊啊啊啊啊啊啊啊啊啊啊啊\r\n</p>\r\n<h2>\r\n	1-1什么鬼\r\n</h2>\r\n<h1>\r\n	呵呵哒\r\n</h1>\r\n<p>\r\n	嗯嗯嗯嗯嗯\r\n</p>\r\n<p>\r\n	<img src=\"actionImg/Publoadfile.do?id=402880ea5c0d3561015c0d37dbc70000\" alt=\"\" /> \r\n</p>\r\n<p>\r\n	<br />\r\n</p>', null, null, '402880ea5c0d3561015c0d381ff00002', '20170517001414', '20170517001414', '系统管理员', '40288b854a329988014a329a12f30002', '系统管理员', '40288b854a329988014a329a12f30002', '测试', '1', null);
INSERT INTO `farm_doctext` VALUES ('<img src=\"actionImg/Publoadfile.do?id=402880ea5c0d3561015c0d37dbc70000\" alt=\"\" />', null, null, '402880ea5c0d3561015c0d5973830007', '20170516014641', '20170516014641', '系统管理员', '40288b854a329988014a329a12f30002', '系统管理员', '40288b854a329988014a329a12f30002', 'CREAT', '2', '402880ea5c0d3561015c0d381ff10003');
INSERT INTO `farm_doctext` VALUES ('<img src=\"actionImg/Publoadfile.do?id=402880ea5bee66b0015bee680d4b0000\" alt=\"\" />', null, null, '402880ea5c0fd8a4015c104c1e8c0002', '20170510021106', '20170510021106', '系统管理员', '40288b854a329988014a329a12f30002', '系统管理员', '40288b854a329988014a329a12f30002', 'CREAT', '2', '402880ea5bee66b0015bee6852f30003');
INSERT INTO `farm_doctext` VALUES ('', null, null, '402880ea5c11e76a015c11edcc700000', '20170510022805', '20170510022805', '系统管理员', '40288b854a329988014a329a12f30002', '系统管理员', '40288b854a329988014a329a12f30002', 'CREAT', '2', '402880ea5bee6c8f015bee77dfef0004');
INSERT INTO `farm_doctext` VALUES ('abcdefghijklmnopqrstuvwxvz', null, null, '402880ea5c11e76a015c11ef028c0004', '20170511194708', '20170511194708', 'www', '402880ea5bf2c05d015bf32e0e700007', 'www', '402880ea5bf2c05d015bf32e0e700007', 'CREAT', '2', '402880ea5bf7504c015bf75585470002');
INSERT INTO `farm_doctext` VALUES ('abcdefghijklmnopqrstuvwxvz<img src=\"actionImg/Publoadfile.do?id=402880ea5c11e76a015c11eee5e50003\" alt=\"\" />', null, null, '402880ea5c11f7af015c11f81f710001', '20170516234455', '20170516234455', 'www', '402880ea5bf2c05d015bf32e0e700007', 'www', '402880ea5bf2c05d015bf32e0e700007', '增加图片', '2', '402880ea5bf7504c015bf75585470002');
INSERT INTO `farm_doctext` VALUES ('<p>\r\n	<img src=\"actionImg/Publoadfile.do?id=402880ea5bee66b0015bee680d4b0000\" alt=\"\" />\r\n</p>\r\n<p>\r\n	我我我我我我我我我我我我我我我我我我我我我我我我我我我我我我我我我我我我我我我我我我我我我我我我我我我我我我我我我我我我我我我我\r\n</p>', null, null, '402880ea5c11f7af015c11f929b40006', '20170516160723', '20170516160723', '系统管理员', '40288b854a329988014a329a12f30002', '系统管理员', '40288b854a329988014a329a12f30002', '测试', '2', '402880ea5bee66b0015bee6852f30003');
INSERT INTO `farm_doctext` VALUES ('<p>\r\n	说什么啊啊啊啊啊啊啊啊啊啊啊啊啊啊啊啊啊啊啊啊啊啊啊啊啊啊啊啊啊啊啊啊啊啊啊啊啊啊啊啊啊啊啊啊啊啊啊啊啊啊啊啊啊啊啊啊啊啊啊啊啊啊啊啊啊啊\r\n</p>\r\n<p>\r\n	<img src=\"actionImg/Publoadfile.do?id=402880ea5c0d3561015c0d37dbc70000\" alt=\"\" />\r\n</p>\r\n<p>\r\n	<br />\r\n</p>', null, null, '402880ea5c11f7af015c1209db5d000a', '20170516022305', '20170516022305', '系统管理员', '40288b854a329988014a329a12f30002', '系统管理员', '40288b854a329988014a329a12f30002', '测试', '2', '402880ea5c0d3561015c0d381ff10003');
INSERT INTO `farm_doctext` VALUES ('<a href=\"http://baishi.baidu.com/watch/6176579595113048503.html?fr=ps_ala11&wd=%D6%DC%B6%FE%E7%E6+%B8%E6%B0%D7%C6%F8%C7%F2\" target=\"_blank\">http://baishi.baidu.com/watch/6176579595113048503.html?fr=ps_ala11&amp;wd=%D6%DC%B6%FE%E7%E6+%B8%E6%B0%D7%C6%F8%C7%F2</a>', null, null, '402880ea5c20b917015c2100e2f60001', '20170519215845', '20170519215845', 'weiwei', '40288b854a329988014a329a12f30002', 'weiwei', '40288b854a329988014a329a12f30002', 'CREAT', '1', null);
INSERT INTO `farm_doctext` VALUES ('<img src=\"actionImg/Publoadfile.do?id=402880ea5c20b917015c21133bf20004\" alt=\"\" />', null, null, '402880ea5c20b917015c21160c570006', '20170519222152', '20170519222152', 'weiwei', '40288b854a329988014a329a12f30002', 'weiwei', '40288b854a329988014a329a12f30002', 'CREAT', '1', null);
INSERT INTO `farm_doctext` VALUES ('阿萨德撒多撒大所大所大', null, null, '402880ea5c20b917015c215c6262000c', '20170519233841', '20170519233841', 'weiwei', '40288b854a329988014a329a12f30002', 'weiwei', '40288b854a329988014a329a12f30002', 'CREAT', '1', null);
INSERT INTO `farm_doctext` VALUES ('奥术大师大所', null, null, '402880ea5c21a074015c21a115d90001', '20170520055545', '20170520055545', 'weiwei', '40288b854a329988014a329a12f30002', 'weiwei', '40288b854a329988014a329a12f30002', '视频无法播放修改', '1', null);
INSERT INTO `farm_doctext` VALUES ('<strong>这是告白气球视频测试哦·。·。·。·。·。·。。·</strong>', null, null, '402880ea5c21a38b015c21af91290002', '20170520023051', '20170520023051', 'weiwei', '40288b854a329988014a329a12f30002', 'weiwei', '40288b854a329988014a329a12f30002', '修改回原来视频', '1', null);
INSERT INTO `farm_doctext` VALUES ('212121', null, null, '402880ea5c21e84c015c21ea0e3d0001', '20170520021326', '20170520021326', 'weiwei', '40288b854a329988014a329a12f30002', 'weiwei', '40288b854a329988014a329a12f30002', 'CREAT', '1', null);
INSERT INTO `farm_doctext` VALUES ('<strong>这是告白气球视频测试哦</strong>', null, null, '402880ea5c21e84c015c21ee0a820004', '20170520010933', '20170520010933', 'weiwei', '40288b854a329988014a329a12f30002', 'weiwei', '40288b854a329988014a329a12f30002', 'CREAT', '2', '402880ea5c21a38b015c21af912d0003');
INSERT INTO `farm_doctext` VALUES ('<strong>这是告白气球视频测试哦·。·。·。·。·。·。。·</strong>', null, null, '402880ea5c21f8c3015c21f958e70001', '20170520021747', '20170520021747', 'weiwei', '40288b854a329988014a329a12f30002', 'weiwei', '40288b854a329988014a329a12f30002', '我', '2', '402880ea5c21a38b015c21af912d0003');
INSERT INTO `farm_doctext` VALUES ('<strong>这是告白气球视频测试哦·。·。·。·。·。·。。·</strong>', null, null, '402880ea5c21f8c3015c21fa01d30003', '20170520023008', '20170520023008', 'weiwei', '40288b854a329988014a329a12f30002', 'weiwei', '40288b854a329988014a329a12f30002', '修改视频', '2', '402880ea5c21a38b015c21af912d0003');
INSERT INTO `farm_doctext` VALUES ('奥术大师大所', null, null, '402880ea5c21f8c3015c22090d2d0005', '20170520005343', '20170520005343', 'weiwei', '40288b854a329988014a329a12f30002', 'weiwei', '40288b854a329988014a329a12f30002', 'CREAT', '2', '402880ea5c21a074015c21a117d10002');
INSERT INTO `farm_doctext` VALUES ('奥术大师大所', null, null, '402880ea5c21f8c3015c22b597b00007', '20170520024717', '20170520024717', 'weiwei', '40288b854a329988014a329a12f30002', 'weiwei', '40288b854a329988014a329a12f30002', '视频修改', '2', '402880ea5c21a074015c21a117d10002');
INSERT INTO `farm_doctext` VALUES ('<p style=\"color:#333333;font-family:&quot;font-size:16px;text-align:justify;background-color:#FFFFFF;\">\r\n	一般十个人以上玩，主持人出数字，下方猜。主持人在手机或电脑上写下在1-100之间随便1个数字，不能让猜得人知道。其他的人就可以开始猜。猜中的有惩罚，如：真心话…………看范例吧。\r\n</p>\r\n<ol class=\"custom_decimal list-paddingleft-1\" style=\"color:#333333;font-family:&quot;font-size:16px;text-align:justify;background-color:#FFFFFF;\">\r\n	<li class=\"list-exp-ol-1 list-decimal-paddingleft-1\">\r\n		<p>\r\n			1-100中随机产生一个数字，如：56\r\n		</p>\r\n	</li>\r\n	<li class=\"list-exp-ol-2 list-decimal-paddingleft-1\">\r\n		<p>\r\n			每个人开始猜猜数字，如：A说:30 主持人说：30到100 ，B在从30到100中猜数字说：60，主持人在说：30到60，………… Z说：56，主持人说：恭喜你，中奖了！！！！\r\n		</p>\r\n	</li>\r\n</ol>', null, null, '402880ea5c21f8c3015c22cea89b0009', '20170520062307', '20170520062307', 'weiwei', '40288b854a329988014a329a12f30002', 'weiwei', '40288b854a329988014a329a12f30002', 'CREAT', '1', null);
INSERT INTO `farm_doctext` VALUES ('<img src=\"actionImg/Publoadfile.do?id=402880ea5c11f7af015c11f7f9120000\" alt=\"\" />abcdefghijklmnopqrstuvwxvz<img src=\"actionImg/Publoadfile.do?id=402880ea5c11e76a015c11eee5e50003\" alt=\"\" />', null, null, '402880ea5c21f8c3015c22d02c5d000e', '20170516235452', '20170516235452', 'www', '402880ea5bf2c05d015bf32e0e700007', 'www', '402880ea5bf2c05d015bf32e0e700007', '图片测试', '2', '402880ea5bf7504c015bf75585470002');
INSERT INTO `farm_doctext` VALUES ('<p>\r\n	按时间达拉斯；短时；来得及爱上；来得及爱上多了；卡时间的；拉升阶段；拉升阶段；卡死了大家安利；圣诞节爱丽丝；大家爱死了；大家爱死了大家散了；大家爱死了；打开就爱上了；大家爱死了；打死了；大家爱死了；大家爱死了；短时；鲁大师讲道理；撒\r\n</p>\r\n<p>\r\n	<br />\r\n</p>\r\n<p>\r\n	吴伟最贱\r\n</p>', null, null, '402883af5c1c1a73015c1c1b8dab0001', '20170518231339', '20170518231339', 'weiwei', '40288b854a329988014a329a12f30002', 'weiwei', '40288b854a329988014a329a12f30002', '吴伟最贱', '1', null);
INSERT INTO `farm_doctext` VALUES ('按时间达拉斯；短时；来得及爱上；来得及爱上多了；卡时间的；拉升阶段；拉升阶段；卡死了大家安利；圣诞节爱丽丝；大家爱死了；大家爱死了大家散了；大家爱死了；打开就爱上了；大家爱死了；打死了；大家爱死了；大家爱死了；短时；鲁大师讲道理；撒', null, null, '402883af5c1c1e87015c1c1f195d0000', '20170518230946', '20170518230946', 'weiwei', '40288b854a329988014a329a12f30002', 'weiwei', '40288b854a329988014a329a12f30002', 'CREAT', '2', '402883af5c1c1a73015c1c1b8fa90002');
INSERT INTO `farm_doctext` VALUES ('asdf', null, null, '402888ac55fc0e8e0155fc0fc9550003', '20160718113220', '20160718113220', '系统管理员', '40288b854a329988014a329a12f30002', '系统管理员', '40288b854a329988014a329a12f30002', 'CREAT', '1', null);

-- ----------------------------
-- Table structure for farm_doctype
-- ----------------------------
DROP TABLE IF EXISTS `farm_doctype`;
CREATE TABLE `farm_doctype` (
  `NAME` varchar(128) NOT NULL,
  `TYPEMOD` varchar(128) DEFAULT NULL,
  `CONTENTMOD` varchar(128) DEFAULT NULL,
  `SORT` int(11) NOT NULL,
  `TYPE` varchar(2) NOT NULL COMMENT '1内容，2建设，3结构，4链接，5单页',
  `METATITLE` varchar(256) DEFAULT NULL,
  `METAKEY` varchar(256) DEFAULT NULL,
  `METACONTENT` varchar(256) DEFAULT NULL,
  `LINKURL` varchar(256) DEFAULT NULL,
  `ID` varchar(32) NOT NULL,
  `CTIME` varchar(16) NOT NULL,
  `ETIME` varchar(16) NOT NULL,
  `CUSERNAME` varchar(64) NOT NULL,
  `CUSER` varchar(32) NOT NULL,
  `EUSERNAME` varchar(64) NOT NULL,
  `EUSER` varchar(32) NOT NULL,
  `PCONTENT` varchar(128) DEFAULT NULL,
  `PSTATE` varchar(2) NOT NULL,
  `PARENTID` varchar(32) NOT NULL,
  `TREECODE` varchar(256) NOT NULL DEFAULT '',
  `TAGS` varchar(256) DEFAULT NULL,
  `AUDITPOP` varchar(1) NOT NULL,
  `WRITEPOP` varchar(1) NOT NULL,
  `READPOP` varchar(1) NOT NULL,
  PRIMARY KEY (`ID`)
) ENGINE=InnoDB DEFAULT CHARSET=utf8;

-- ----------------------------
-- Records of farm_doctype
-- ----------------------------
INSERT INTO `farm_doctype` VALUES ('文学类', null, null, '1', '3', null, null, null, null, '402880ea5bf258be015bf26056050000', '20170510204051', '20170511194449', '系统管理员', '40288b854a329988014a329a12f30002', 'www', '402880ea5bf2c05d015bf32e0e700007', null, '1', '402888ac55fc0e8e0155fc0f7fb20001', '402888ac55fc0e8e0155fc0f7fb20001402880ea5bf258be015bf26056050000', null, '0', '0', '0');
INSERT INTO `farm_doctype` VALUES ('运动类', null, null, '2', '3', null, null, null, null, '402880ea5bf2c05d015bf32760660000', '20170511001815', '20170511194454', '系统管理员', '40288b854a329988014a329a12f30002', 'www', '402880ea5bf2c05d015bf32e0e700007', null, '1', '402888ac55fc0e8e0155fc0f7fb20001', '402888ac55fc0e8e0155fc0f7fb20001402880ea5bf2c05d015bf32760660000', null, '0', '0', '0');
INSERT INTO `farm_doctype` VALUES ('休闲类', null, null, '3', '3', null, null, null, null, '402880ea5bf2c05d015bf3279d750001', '20170511001831', '20170511194459', '系统管理员', '40288b854a329988014a329a12f30002', 'www', '402880ea5bf2c05d015bf32e0e700007', null, '1', '402888ac55fc0e8e0155fc0f7fb20001', '402888ac55fc0e8e0155fc0f7fb20001402880ea5bf2c05d015bf3279d750001', null, '0', '0', '0');
INSERT INTO `farm_doctype` VALUES ('安全知识', null, null, '1', '3', null, null, null, null, '402880ea5bf2c05d015bf328158e0002', '20170511001902', '20170511194507', '系统管理员', '40288b854a329988014a329a12f30002', 'www', '402880ea5bf2c05d015bf32e0e700007', null, '1', 'NONE', '402880ea5bf2c05d015bf328158e0002', null, '0', '0', '0');
INSERT INTO `farm_doctype` VALUES ('奖励', null, null, '3', '3', null, null, null, null, '402880ea5bf2c05d015bf328ac470003', '20170511001940', '20170511194521', '系统管理员', '40288b854a329988014a329a12f30002', 'www', '402880ea5bf2c05d015bf32e0e700007', null, '1', 'NONE', '402880ea5bf2c05d015bf328ac470003', null, '0', '0', '0');
INSERT INTO `farm_doctype` VALUES ('惩罚', null, null, '4', '3', null, null, null, null, '402880ea5bf2c05d015bf328dba20004', '20170511001952', '20170511194525', '系统管理员', '40288b854a329988014a329a12f30002', 'www', '402880ea5bf2c05d015bf32e0e700007', null, '1', 'NONE', '402880ea5bf2c05d015bf328dba20004', null, '0', '0', '0');
INSERT INTO `farm_doctype` VALUES ('游戏', null, null, '2', '1', null, null, null, null, '402888ac55fc0e8e0155fc0f7fb20001', '20160718113202', '20170511001908', '系统管理员', '40288b854a329988014a329a12f30002', '系统管理员', '40288b854a329988014a329a12f30002', null, '1', 'NONE', '402888ac55fc0e8e0155fc0f7fb20001', null, '0', '0', '0');

-- ----------------------------
-- Table structure for farm_doctype_pop
-- ----------------------------
DROP TABLE IF EXISTS `farm_doctype_pop`;
CREATE TABLE `farm_doctype_pop` (
  `ID` varchar(32) NOT NULL,
  `POPTYPE` varchar(1) NOT NULL COMMENT '1人、2组织机构',
  `FUNTYPE` varchar(1) NOT NULL COMMENT '1浏览、2编辑、3审核',
  `OID` varchar(32) NOT NULL,
  `ONAME` varchar(64) NOT NULL,
  `TYPEID` varchar(32) NOT NULL,
  PRIMARY KEY (`ID`),
  KEY `FK_Referencetypepop` (`TYPEID`),
  CONSTRAINT `FK_Referencetypepop` FOREIGN KEY (`TYPEID`) REFERENCES `farm_doctype` (`ID`)
) ENGINE=InnoDB DEFAULT CHARSET=utf8;

-- ----------------------------
-- Records of farm_doctype_pop
-- ----------------------------

-- ----------------------------
-- Table structure for farm_doc_audit
-- ----------------------------
DROP TABLE IF EXISTS `farm_doc_audit`;
CREATE TABLE `farm_doc_audit` (
  `CTIME` varchar(16) NOT NULL,
  `ETIME` varchar(16) NOT NULL,
  `CUSERNAME` varchar(64) NOT NULL,
  `CUSER` varchar(32) NOT NULL,
  `PSTATE` varchar(2) NOT NULL COMMENT '1待审核、2审核通过、3审核未通过、4废弃',
  `PCONTENT` varchar(128) DEFAULT NULL,
  `DOCID` varchar(32) NOT NULL,
  `TEXTID` varchar(32) NOT NULL,
  `ID` varchar(32) NOT NULL,
  PRIMARY KEY (`ID`),
  KEY `FK_Reference_64` (`DOCID`),
  KEY `FK_Reference_65` (`TEXTID`),
  CONSTRAINT `FK_Reference_64` FOREIGN KEY (`DOCID`) REFERENCES `farm_doc` (`ID`),
  CONSTRAINT `FK_Reference_65` FOREIGN KEY (`TEXTID`) REFERENCES `farm_doctext` (`ID`)
) ENGINE=InnoDB DEFAULT CHARSET=utf8;

-- ----------------------------
-- Records of farm_doc_audit
-- ----------------------------

-- ----------------------------
-- Table structure for farm_qz_scheduler
-- ----------------------------
DROP TABLE IF EXISTS `farm_qz_scheduler`;
CREATE TABLE `farm_qz_scheduler` (
  `ID` varchar(32) NOT NULL,
  `AUTOIS` varchar(2) NOT NULL,
  `CTIME` varchar(16) NOT NULL,
  `ETIME` varchar(16) NOT NULL,
  `CUSERNAME` varchar(64) NOT NULL,
  `CUSER` varchar(32) NOT NULL,
  `EUSERNAME` varchar(64) NOT NULL,
  `EUSER` varchar(32) NOT NULL,
  `PSTATE` varchar(2) NOT NULL,
  `PCONTENT` varchar(128) DEFAULT NULL,
  `TASKID` varchar(32) NOT NULL,
  `TRIGGERID` varchar(32) NOT NULL,
  PRIMARY KEY (`ID`),
  KEY `FK_Reference_18` (`TASKID`),
  KEY `FK_Reference_19` (`TRIGGERID`),
  CONSTRAINT `FK_Reference_18` FOREIGN KEY (`TASKID`) REFERENCES `farm_qz_task` (`ID`),
  CONSTRAINT `FK_Reference_19` FOREIGN KEY (`TRIGGERID`) REFERENCES `farm_qz_trigger` (`ID`)
) ENGINE=InnoDB DEFAULT CHARSET=utf8;

-- ----------------------------
-- Records of farm_qz_scheduler
-- ----------------------------
INSERT INTO `farm_qz_scheduler` VALUES ('402888a8510485be0151048a97e6000a', '1', '20151114134930', '20151114134930', '系统管理员', '40288b854a329988014a329a12f30002', '系统管理员', '40288b854a329988014a329a12f30002', '1', null, '402894ca4af0883a014af092863c0004', '402894ca4af0883a014af08d09f00003');

-- ----------------------------
-- Table structure for farm_qz_task
-- ----------------------------
DROP TABLE IF EXISTS `farm_qz_task`;
CREATE TABLE `farm_qz_task` (
  `ID` varchar(32) NOT NULL,
  `CTIME` varchar(16) NOT NULL,
  `ETIME` varchar(16) NOT NULL,
  `CUSERNAME` varchar(64) NOT NULL,
  `CUSER` varchar(32) NOT NULL,
  `EUSERNAME` varchar(64) NOT NULL,
  `EUSER` varchar(32) NOT NULL,
  `PSTATE` varchar(2) NOT NULL,
  `PCONTENT` varchar(128) DEFAULT NULL,
  `JOBCLASS` varchar(128) NOT NULL,
  `NAME` varchar(128) NOT NULL,
  `JOBPARAS` varchar(1024) DEFAULT NULL,
  `JOBKEY` varchar(128) NOT NULL,
  PRIMARY KEY (`ID`)
) ENGINE=InnoDB DEFAULT CHARSET=utf8;

-- ----------------------------
-- Records of farm_qz_task
-- ----------------------------
INSERT INTO `farm_qz_task` VALUES ('402894ca4af0883a014af092863c0004', '20150116102902', '20150116102902', '系统管理员', '40288b854a329988014a329a12f30002', '系统管理员', '40288b854a329988014a329a12f30002', '1', '', 'com.farm.doc.quartz.task.RecountDocHotnumTask', '计算文章热度', null, 'NONE');

-- ----------------------------
-- Table structure for farm_qz_trigger
-- ----------------------------
DROP TABLE IF EXISTS `farm_qz_trigger`;
CREATE TABLE `farm_qz_trigger` (
  `ID` varchar(32) NOT NULL,
  `CTIME` varchar(16) NOT NULL,
  `ETIME` varchar(16) NOT NULL,
  `CUSERNAME` varchar(64) NOT NULL,
  `CUSER` varchar(32) NOT NULL,
  `EUSERNAME` varchar(64) NOT NULL,
  `EUSER` varchar(32) NOT NULL,
  `PSTATE` varchar(2) NOT NULL,
  `PCONTENT` varchar(128) DEFAULT NULL,
  `DESCRIPT` varchar(128) NOT NULL,
  `NAME` varchar(128) NOT NULL,
  PRIMARY KEY (`ID`)
) ENGINE=InnoDB DEFAULT CHARSET=utf8;

-- ----------------------------
-- Records of farm_qz_trigger
-- ----------------------------
INSERT INTO `farm_qz_trigger` VALUES ('402894ca4af0883a014af08d09f00003', '20150116102302', '20150116102302', '系统管理员', '40288b854a329988014a329a12f30002', '系统管理员', '40288b854a329988014a329a12f30002', '1', '每年每月每日每时0分0秒', '0 0 * * * ? *', '每小时执行一次');

-- ----------------------------
-- Table structure for farm_resume_appraisal
-- ----------------------------
DROP TABLE IF EXISTS `farm_resume_appraisal`;
CREATE TABLE `farm_resume_appraisal` (
  `ID` varchar(32) NOT NULL,
  `CTIME` varchar(16) NOT NULL,
  `ETIME` varchar(16) NOT NULL,
  `CUSERNAME` varchar(64) NOT NULL,
  `CUSER` varchar(32) NOT NULL,
  `EUSERNAME` varchar(64) NOT NULL,
  `EUSER` varchar(32) NOT NULL,
  `PSTATE` varchar(2) NOT NULL,
  `PCONTENT` varchar(128) DEFAULT NULL,
  `USERID` varchar(32) NOT NULL,
  `APPRAISAL` varchar(512) NOT NULL,
  `CAREERGOALS` varchar(512) DEFAULT NULL,
  PRIMARY KEY (`ID`),
  KEY `FK_Reference_71` (`USERID`)
) ENGINE=MyISAM DEFAULT CHARSET=utf8 COMMENT='appraisal';

-- ----------------------------
-- Records of farm_resume_appraisal
-- ----------------------------

-- ----------------------------
-- Table structure for farm_resume_base
-- ----------------------------
DROP TABLE IF EXISTS `farm_resume_base`;
CREATE TABLE `farm_resume_base` (
  `ID` varchar(32) NOT NULL,
  `CTIME` varchar(16) NOT NULL,
  `ETIME` varchar(16) NOT NULL,
  `CUSERNAME` varchar(64) NOT NULL,
  `CUSER` varchar(32) NOT NULL,
  `EUSERNAME` varchar(64) NOT NULL,
  `EUSER` varchar(32) NOT NULL,
  `PSTATE` varchar(2) NOT NULL,
  `PCONTENT` varchar(2000) DEFAULT NULL,
  `USERID` varchar(32) NOT NULL,
  `NAME` varchar(64) NOT NULL,
  `SEX` varchar(2) DEFAULT NULL COMMENT '1男 2女',
  `BIRTHDAY` varchar(16) DEFAULT NULL COMMENT 'birthday',
  `DATEYEAR` varchar(8) DEFAULT NULL COMMENT 'DATEYEAR',
  `DATEMONTH` varchar(8) DEFAULT NULL,
  `REGISTEREDAREA` varchar(16) DEFAULT NULL,
  `REGISTERED` varchar(128) DEFAULT NULL,
  `LIVESTRAREA` varchar(16) DEFAULT NULL,
  `LIVESTR` varchar(128) DEFAULT NULL,
  `QQCODE` varchar(16) DEFAULT NULL,
  `WXCODE` varchar(16) DEFAULT NULL,
  `MOBILECODE` varchar(16) DEFAULT NULL,
  `EMAILCODE` varchar(32) DEFAULT NULL,
  `MARRIAGESTA` varchar(2) DEFAULT NULL COMMENT '1未婚2已婚3离异 ',
  `NATIONALITY` varchar(16) DEFAULT NULL,
  `OTHERTYPE` varchar(32) DEFAULT NULL,
  `OTHERID` varchar(32) DEFAULT NULL,
  `IDCODE` varchar(32) DEFAULT NULL,
  `STUDYABROAD` varchar(2) DEFAULT NULL COMMENT ' 1有 2 无   ',
  `ZZMM` varchar(2) DEFAULT NULL COMMENT '1中共党员(含预备党员) 2团员3群众4民主党派5无党派人士 ',
  `PHOTOID` varchar(32) DEFAULT NULL,
  `DEGREEMAX` varchar(2) DEFAULT NULL,
  PRIMARY KEY (`ID`),
  KEY `FK_Reference_70` (`USERID`)
) ENGINE=MyISAM DEFAULT CHARSET=utf8 COMMENT='FARM_Resume';

-- ----------------------------
-- Records of farm_resume_base
-- ----------------------------
INSERT INTO `farm_resume_base` VALUES ('402888ac55fc0e8e0155fc0f2e230000', '20160718113141', '20160718113141', '系统管理员', '40288b854a329988014a329a12f30002', '系统管理员', '40288b854a329988014a329a12f30002', '1', '', '40288b854a329988014a329a12f30002', '系统管理员', '1', '2016-07-14', '2015', null, null, 'asdf', null, 'asdf', '', '', 'asdf', 'adsf', '1', '', '', '', '', '', '', '', '8');

-- ----------------------------
-- Table structure for farm_resume_educate
-- ----------------------------
DROP TABLE IF EXISTS `farm_resume_educate`;
CREATE TABLE `farm_resume_educate` (
  `ID` varchar(32) NOT NULL,
  `CTIME` varchar(16) NOT NULL,
  `ETIME` varchar(16) NOT NULL,
  `CUSERNAME` varchar(64) NOT NULL,
  `CUSER` varchar(32) NOT NULL,
  `EUSERNAME` varchar(64) NOT NULL,
  `EUSER` varchar(32) NOT NULL,
  `PSTATE` varchar(2) NOT NULL,
  `PCONTENT` varchar(128) DEFAULT NULL,
  `USERID` varchar(32) NOT NULL,
  `DATETIME` varchar(16) DEFAULT NULL,
  `DATEEND` varchar(16) DEFAULT NULL,
  `SCHOOLNAME` varchar(64) NOT NULL,
  `UNITARYIS` varchar(2) DEFAULT NULL COMMENT '1是2 否',
  `SPECIALITYNAME` varchar(128) DEFAULT NULL,
  `DEGREE` varchar(2) DEFAULT NULL,
  PRIMARY KEY (`ID`),
  KEY `FK_Reference_72` (`USERID`)
) ENGINE=MyISAM DEFAULT CHARSET=utf8 COMMENT='educate';

-- ----------------------------
-- Records of farm_resume_educate
-- ----------------------------

-- ----------------------------
-- Table structure for farm_resume_family
-- ----------------------------
DROP TABLE IF EXISTS `farm_resume_family`;
CREATE TABLE `farm_resume_family` (
  `ID` varchar(32) NOT NULL,
  `CTIME` varchar(16) NOT NULL,
  `ETIME` varchar(16) NOT NULL,
  `CUSERNAME` varchar(64) NOT NULL,
  `CUSER` varchar(32) NOT NULL,
  `EUSERNAME` varchar(64) NOT NULL,
  `EUSER` varchar(32) NOT NULL,
  `PSTATE` varchar(2) NOT NULL,
  `PCONTENT` varchar(128) DEFAULT NULL,
  `USERID` varchar(32) NOT NULL,
  `RELATIONTYPE` varchar(2) NOT NULL,
  `NAME` varchar(32) DEFAULT NULL,
  `BIRTH` varchar(16) DEFAULT NULL,
  `PHONE` varchar(16) DEFAULT NULL,
  `ZZMM` varchar(2) DEFAULT NULL,
  `WORDADDR` varchar(64) DEFAULT NULL,
  `ADDR` varchar(128) DEFAULT NULL,
  PRIMARY KEY (`ID`),
  KEY `FK_Reference_76` (`USERID`)
) ENGINE=MyISAM DEFAULT CHARSET=utf8 COMMENT='family';

-- ----------------------------
-- Records of farm_resume_family
-- ----------------------------

-- ----------------------------
-- Table structure for farm_resume_files
-- ----------------------------
DROP TABLE IF EXISTS `farm_resume_files`;
CREATE TABLE `farm_resume_files` (
  `ID` varchar(32) NOT NULL,
  `CTIME` varchar(16) NOT NULL,
  `ETIME` varchar(16) NOT NULL,
  `CUSERNAME` varchar(64) NOT NULL,
  `CUSER` varchar(32) NOT NULL,
  `EUSERNAME` varchar(64) NOT NULL,
  `EUSER` varchar(32) NOT NULL,
  `PSTATE` varchar(2) NOT NULL,
  `PCONTENT` varchar(128) DEFAULT NULL,
  `USERID` varchar(32) NOT NULL,
  `FILEID` varchar(32) NOT NULL,
  PRIMARY KEY (`ID`),
  KEY `FK_Reference_74` (`USERID`)
) ENGINE=MyISAM DEFAULT CHARSET=utf8;

-- ----------------------------
-- Records of farm_resume_files
-- ----------------------------

-- ----------------------------
-- Table structure for farm_resume_intension
-- ----------------------------
DROP TABLE IF EXISTS `farm_resume_intension`;
CREATE TABLE `farm_resume_intension` (
  `ID` varchar(32) NOT NULL,
  `CTIME` varchar(16) NOT NULL,
  `ETIME` varchar(16) NOT NULL,
  `CUSERNAME` varchar(64) NOT NULL,
  `CUSER` varchar(32) NOT NULL,
  `EUSERNAME` varchar(64) NOT NULL,
  `EUSER` varchar(32) NOT NULL,
  `PSTATE` varchar(2) NOT NULL,
  `PCONTENT` varchar(128) DEFAULT NULL,
  `USERID` varchar(32) NOT NULL,
  `WORKNATURE` varchar(2) NOT NULL COMMENT '1全职2兼职3实习',
  `WORKADDRAREA` varchar(32) DEFAULT NULL,
  `WORKADDR` varchar(64) DEFAULT NULL,
  `WORKOCCUPATION` varchar(32) DEFAULT NULL,
  `WORKINDUSTRY` varchar(32) DEFAULT NULL,
  `WORKPAY` int(11) DEFAULT NULL,
  `WORKSTAT` varchar(2) DEFAULT NULL,
  PRIMARY KEY (`ID`),
  KEY `FK_Reference_75` (`USERID`)
) ENGINE=MyISAM DEFAULT CHARSET=utf8 COMMENT=' Intension';

-- ----------------------------
-- Records of farm_resume_intension
-- ----------------------------

-- ----------------------------
-- Table structure for farm_resume_work
-- ----------------------------
DROP TABLE IF EXISTS `farm_resume_work`;
CREATE TABLE `farm_resume_work` (
  `ID` varchar(32) NOT NULL,
  `CTIME` varchar(16) NOT NULL,
  `ETIME` varchar(16) NOT NULL,
  `CUSERNAME` varchar(64) NOT NULL,
  `CUSER` varchar(32) NOT NULL,
  `EUSERNAME` varchar(64) NOT NULL,
  `EUSER` varchar(32) NOT NULL,
  `PSTATE` varchar(2) NOT NULL,
  `PCONTENT` varchar(128) DEFAULT NULL,
  `USERID` varchar(32) NOT NULL,
  `NAME` varchar(64) NOT NULL,
  `TYPE` varchar(2) DEFAULT NULL,
  `POSTNAME` varchar(64) DEFAULT NULL,
  `DATESTART` varchar(16) DEFAULT NULL,
  `DATEEND` varchar(16) DEFAULT NULL,
  `SALARY` varchar(16) DEFAULT NULL,
  `WORKNOTE` varchar(2000) DEFAULT NULL,
  `EPROPERTY` varchar(2) DEFAULT NULL,
  `ESCALE` varchar(2) DEFAULT NULL,
  PRIMARY KEY (`ID`),
  KEY `FK_Reference_73` (`USERID`)
) ENGINE=MyISAM DEFAULT CHARSET=utf8;

-- ----------------------------
-- Records of farm_resume_work
-- ----------------------------

-- ----------------------------
-- Table structure for farm_rf_doctextfile
-- ----------------------------
DROP TABLE IF EXISTS `farm_rf_doctextfile`;
CREATE TABLE `farm_rf_doctextfile` (
  `ID` varchar(32) NOT NULL,
  `FILEID` varchar(32) NOT NULL,
  `DOCID` varchar(32) NOT NULL,
  PRIMARY KEY (`ID`),
  KEY `FK_Reference_12` (`DOCID`),
  CONSTRAINT `FK_Reference_12` FOREIGN KEY (`DOCID`) REFERENCES `farm_doc` (`ID`)
) ENGINE=InnoDB DEFAULT CHARSET=utf8;

-- ----------------------------
-- Records of farm_rf_doctextfile
-- ----------------------------
INSERT INTO `farm_rf_doctextfile` VALUES ('402880ea5c077af5015c07c86e820001', '402880ea5c04d3ca015c0737bde10000', '402880ea5c04d3ca015c073876e50003');
INSERT INTO `farm_rf_doctextfile` VALUES ('402880ea5c077af5015c07c86e830002', '402880ea5c04d3ca015c0737bde10000', '402880ea5c04d3ca015c073876e50003');
INSERT INTO `farm_rf_doctextfile` VALUES ('402880ea5c11e76a015c11edcd020001', '402880ea5bee6c8f015bee779d4a0001', '402880ea5bee6c8f015bee77dfef0004');
INSERT INTO `farm_rf_doctextfile` VALUES ('402880ea5c11f7af015c11f929b60007', '402880ea5c11f7af015c11f90a220005', '402880ea5bee66b0015bee6852f30003');
INSERT INTO `farm_rf_doctextfile` VALUES ('402880ea5c11f7af015c11f929b80008', '402880ea5bee66b0015bee680d4b0000', '402880ea5bee66b0015bee6852f30003');
INSERT INTO `farm_rf_doctextfile` VALUES ('402880ea5c11f7af015c11f929b80009', '402880ea5bee66b0015bee680d4b0000', '402880ea5bee66b0015bee6852f30003');
INSERT INTO `farm_rf_doctextfile` VALUES ('402880ea5c11f7af015c1209db5f000b', '402880ea5c0d3561015c0d37dbc70000', '402880ea5c0d3561015c0d381ff10003');
INSERT INTO `farm_rf_doctextfile` VALUES ('402880ea5c11f7af015c1209db5f000c', '402880ea5c0d3561015c0d37dbc70000', '402880ea5c0d3561015c0d381ff10003');
INSERT INTO `farm_rf_doctextfile` VALUES ('402880ea5c20b917015c21160c580009', '402880ea5c20b917015c21133bf20004', '402880ea5c20b917015c21160c570007');
INSERT INTO `farm_rf_doctextfile` VALUES ('402880ea5c21f8c3015c22d02c5f000f', '402880ea5c11f7af015c11f7f9120000', '402880ea5bf7504c015bf75585470002');
INSERT INTO `farm_rf_doctextfile` VALUES ('402880ea5c21f8c3015c22d02c610010', '402880ea5c11e76a015c11eee5e50003', '402880ea5bf7504c015bf75585470002');
INSERT INTO `farm_rf_doctextfile` VALUES ('402880ea5c21f8c3015c22d02c610011', '402880ea5c11e76a015c11eee5e50003', '402880ea5bf7504c015bf75585470002');
INSERT INTO `farm_rf_doctextfile` VALUES ('402880ea5c21f8c3015c22d02c610012', '402880ea5c11f7af015c11f7f9120000', '402880ea5bf7504c015bf75585470002');

-- ----------------------------
-- Table structure for farm_rf_doctype
-- ----------------------------
DROP TABLE IF EXISTS `farm_rf_doctype`;
CREATE TABLE `farm_rf_doctype` (
  `ID` varchar(32) NOT NULL,
  `TYPEID` varchar(32) NOT NULL,
  `DOCID` varchar(32) NOT NULL,
  PRIMARY KEY (`ID`),
  KEY `FK_Reference_14` (`TYPEID`),
  KEY `FK_Reference_15` (`DOCID`),
  CONSTRAINT `FK_Reference_14` FOREIGN KEY (`TYPEID`) REFERENCES `farm_doctype` (`ID`),
  CONSTRAINT `FK_Reference_15` FOREIGN KEY (`DOCID`) REFERENCES `farm_doc` (`ID`)
) ENGINE=InnoDB DEFAULT CHARSET=utf8;

-- ----------------------------
-- Records of farm_rf_doctype
-- ----------------------------
INSERT INTO `farm_rf_doctype` VALUES ('402880ea5bee66b0015bee6852f40004', '402880ea5bf258be015bf26056050000', '402880ea5bee66b0015bee6852f30003');
INSERT INTO `farm_rf_doctype` VALUES ('402880ea5bee6c8f015bee77dff00005', '402880ea5bf2c05d015bf32760660000', '402880ea5bee6c8f015bee77dfef0004');
INSERT INTO `farm_rf_doctype` VALUES ('402880ea5bf258be015bf260af7b0004', '402880ea5bf2c05d015bf3279d750001', '402880ea5bf258be015bf260af7a0003');
INSERT INTO `farm_rf_doctype` VALUES ('402880ea5bf7504c015bf75585480003', '402880ea5bf2c05d015bf328158e0002', '402880ea5bf7504c015bf75585470002');
INSERT INTO `farm_rf_doctype` VALUES ('402880ea5bf7504c015bf7f8b2770011', '402880ea5bf2c05d015bf328ac470003', '402880ea5bf7504c015bf7f8b2770010');
INSERT INTO `farm_rf_doctype` VALUES ('402880ea5c04d3ca015c073876e60004', '402880ea5bf2c05d015bf328158e0002', '402880ea5c04d3ca015c073876e50003');
INSERT INTO `farm_rf_doctype` VALUES ('402880ea5c0d3561015c0d381ff10004', '402880ea5bf2c05d015bf328ac470003', '402880ea5c0d3561015c0d381ff10003');
INSERT INTO `farm_rf_doctype` VALUES ('402880ea5c20b917015c2100e48c0003', '402880ea5bf258be015bf26056050000', '402880ea5c20b917015c2100e48c0002');
INSERT INTO `farm_rf_doctype` VALUES ('402880ea5c20b917015c21160c570008', '402880ea5bf2c05d015bf32760660000', '402880ea5c20b917015c21160c570007');
INSERT INTO `farm_rf_doctype` VALUES ('402880ea5c20b917015c215c6263000e', '402880ea5bf258be015bf26056050000', '402880ea5c20b917015c215c6263000d');
INSERT INTO `farm_rf_doctype` VALUES ('402880ea5c21a074015c21a117d20003', '402880ea5bf258be015bf26056050000', '402880ea5c21a074015c21a117d10002');
INSERT INTO `farm_rf_doctype` VALUES ('402880ea5c21a38b015c21af912e0004', '402880ea5bf2c05d015bf32760660000', '402880ea5c21a38b015c21af912d0003');
INSERT INTO `farm_rf_doctype` VALUES ('402880ea5c21e84c015c21ea0e420003', '402880ea5bf258be015bf26056050000', '402880ea5c21e84c015c21ea0e410002');
INSERT INTO `farm_rf_doctype` VALUES ('402880ea5c21f8c3015c22cea89d000b', '402880ea5bf2c05d015bf3279d750001', '402880ea5c21f8c3015c22cea89c000a');
INSERT INTO `farm_rf_doctype` VALUES ('402883af5c1c1a73015c1c1b8fab0003', '402880ea5bf258be015bf26056050000', '402883af5c1c1a73015c1c1b8fa90002');
INSERT INTO `farm_rf_doctype` VALUES ('402888ac55fc0e8e0155fc0fca2b0005', '402880ea5bf2c05d015bf328dba20004', '402888ac55fc0e8e0155fc0fca2a0004');

-- ----------------------------
-- Table structure for farm_top
-- ----------------------------
DROP TABLE IF EXISTS `farm_top`;
CREATE TABLE `farm_top` (
  `ID` varchar(32) NOT NULL,
  `CTIME` varchar(16) NOT NULL,
  `CUSERNAME` varchar(64) NOT NULL,
  `CUSER` varchar(32) NOT NULL,
  `PSTATE` varchar(2) NOT NULL,
  `PCONTENT` varchar(128) DEFAULT NULL,
  `DOCID` varchar(32) NOT NULL,
  `SORT` int(11) NOT NULL,
  PRIMARY KEY (`ID`),
  KEY `FK_Reference_61` (`DOCID`),
  CONSTRAINT `FK_Reference_61` FOREIGN KEY (`DOCID`) REFERENCES `farm_doc` (`ID`)
) ENGINE=InnoDB DEFAULT CHARSET=utf8;

-- ----------------------------
-- Records of farm_top
-- ----------------------------
INSERT INTO `farm_top` VALUES ('402880ea5c0d3561015c0d3d8a7a0006', '20170516015235', '系统管理员', '40288b854a329988014a329a12f30002', '1', '', '402880ea5c0d3561015c0d381ff10003', '1');
INSERT INTO `farm_top` VALUES ('402880ea5c0fd8a4015c104aa4a50000', '20170516160546', '系统管理员', '40288b854a329988014a329a12f30002', '1', '', '402880ea5bee66b0015bee6852f30003', '2');
INSERT INTO `farm_top` VALUES ('402880ea5c11e76a015c11ee41ed0002', '20170516234406', '系统管理员', '40288b854a329988014a329a12f30002', '1', '', '402880ea5bf7504c015bf75585470002', '3');

-- ----------------------------
-- Table structure for farm_usermessage
-- ----------------------------
DROP TABLE IF EXISTS `farm_usermessage`;
CREATE TABLE `farm_usermessage` (
  `ID` varchar(32) NOT NULL,
  `CTIME` varchar(16) NOT NULL,
  `CUSER` varchar(32) DEFAULT NULL,
  `CUSERNAME` varchar(64) DEFAULT NULL,
  `PSTATE` varchar(2) NOT NULL,
  `PCONTENT` varchar(128) DEFAULT NULL,
  `READUSERID` varchar(32) NOT NULL,
  `CONTENT` varchar(256) NOT NULL,
  `TITLE` varchar(64) NOT NULL,
  `READSTATE` varchar(2) NOT NULL COMMENT '0未读、1已读',
  PRIMARY KEY (`ID`)
) ENGINE=InnoDB DEFAULT CHARSET=utf8;

-- ----------------------------
-- Records of farm_usermessage
-- ----------------------------
INSERT INTO `farm_usermessage` VALUES ('402880ea5bf0cde6015bf1bf2b9b0002', '20170510174449', 'SYS', '系统消息', '1', null, '40288b854a329988014a329a12f30002', '知识<a class=\'color_a\' href=\'webdocmessage/Pubmsg.do?docid=402880ea5bee66b0015bee6852f30003\'>1111</a>收到一条回复:12312321', '收到一条评论回复', '1');
INSERT INTO `farm_usermessage` VALUES ('402880ea5bf0cde6015bf1c014290004', '20170510174548', 'SYS', '系统消息', '1', null, '40288b854a329988014a329a12f30002', '知识<a class=\'color_a\' href=\'webdocmessage/Pubmsg.do?docid=402880ea5bee66b0015bee6852f30003\'>1111</a>收到一条回复:ttttt', '收到一条评论回复', '1');
INSERT INTO `farm_usermessage` VALUES ('402880ea5bf258be015bf2ae99840006', '20170510220620', 'SYS', '系统消息', '1', null, '40288b854a329988014a329a12f30002', '知识<a class=\'color_a\' href=\'webdocmessage/Pubmsg.do?docid=402880ea5bee66b0015bee6852f30003\'>1111</a>收到一条回复:特特土豆', '收到一条评论回复', '1');
INSERT INTO `farm_usermessage` VALUES ('402888ac55fc0e8e0155fc10b00a0009', '20160718113320', 'SYS', '系统消息', '1', null, '40288b854a329988014a329a12f30002', '知识<a class=\'color_a\' href=\'webdocmessage/Pubmsg.do?docid=402888ac55fc0e8e0155fc0fca2a0004\'>asdfasdf</a>收到一条回复:asdfasdf阿斯顿发斯蒂芬', '收到一条评论回复', '1');
INSERT INTO `farm_usermessage` VALUES ('402888ac55fc0e8e0155fc10d4c8000b', '20160718113329', 'SYS', '系统消息', '1', null, '40288b854a329988014a329a12f30002', '知识<a class=\'color_a\' href=\'webdocmessage/Pubmsg.do?docid=402888ac55fc0e8e0155fc0fca2a0004\'>asdfasdf</a>收到一条回复:ADSASDFASDFADSF', '收到一条评论回复', '1');

-- ----------------------------
-- Table structure for farm_weburl
-- ----------------------------
DROP TABLE IF EXISTS `farm_weburl`;
CREATE TABLE `farm_weburl` (
  `ID` varchar(32) NOT NULL,
  `CTIME` varchar(16) NOT NULL,
  `ETIME` varchar(16) NOT NULL,
  `CUSERNAME` varchar(64) NOT NULL,
  `CUSER` varchar(32) NOT NULL,
  `EUSERNAME` varchar(64) NOT NULL,
  `EUSER` varchar(32) NOT NULL,
  `PSTATE` varchar(2) NOT NULL,
  `PCONTENT` varchar(128) DEFAULT NULL,
  `URL` varchar(512) NOT NULL,
  `WEBNAME` varchar(64) NOT NULL,
  `SORT` int(11) NOT NULL,
  `FILEID` varchar(32) DEFAULT NULL,
  `IMGURL` varchar(32) DEFAULT NULL,
  PRIMARY KEY (`ID`)
) ENGINE=InnoDB DEFAULT CHARSET=utf8;

-- ----------------------------
-- Records of farm_weburl
-- ----------------------------
INSERT INTO `farm_weburl` VALUES ('402880ea5c082daf015c084cf4f60005', '20170515025120', '201705192019', '系统管理员', '40288b854a329988014a329a12f30002', 'weiwei', '40288b854a329988014a329a12f30002', '1', null, 'http://192.168.0.106:8080/wcp/webdoc/view/Pub402880ea5c0d3561015c0d381ff10003.html', '测试轮播标题1', '1', '402880ea5c082daf015c084cea800004', null);
INSERT INTO `farm_weburl` VALUES ('402880ea5c082daf015c084d15180007', '20170515025128', '201705192019', '系统管理员', '40288b854a329988014a329a12f30002', 'weiwei', '40288b854a329988014a329a12f30002', '1', null, 'http://192.168.0.106:8080/wcp/webdoc/view/Pub402880ea5bee66b0015bee6852f30003.html', '测试轮播标题2', '2', '402880ea5c082daf015c084d107e0006', null);
INSERT INTO `farm_weburl` VALUES ('402880ea5c082daf015c084d33ab0009', '20170515025136', '201705192019', '系统管理员', '40288b854a329988014a329a12f30002', 'weiwei', '40288b854a329988014a329a12f30002', '1', null, 'http://192.168.0.106:8080/wcp/webdoc/view/Pub402880ea5bf7504c015bf75585470002.html', '测试轮播标题3', '3', '402880ea5c082daf015c084d2f0e0008', null);
INSERT INTO `farm_weburl` VALUES ('402883af5c1c1e87015c1c25b2dc0002', '20170518232051', '201705182321', 'weiwei', '40288b854a329988014a329a12f30002', 'weiwei', '40288b854a329988014a329a12f30002', '1', null, 'http://www.baidu.com', '吴伟最贱', '4', '402883af5c1c1e87015c1c2537140001', null);
